episode,time,phase,phase_name,active_vehicle_count,total_waiting_time,average_waiting_time_per_vehicle,max_vehicle_waiting_time
1,10,0,GOBEK_PHASE_0_GREEN,0,0.0,0.0,0.0
1,20,0,GOBEK_PHASE_0_GREEN,4,0.0,0.0,0.0
1,30,0,GOBEK_PHASE_0_GREEN,7,0.0,0.0,0.0
1,40,0,GOBEK_PHASE_0_GREEN,7,0.0,0.0,0.0
1,50,2,GOBEK_PHASE_2_GREEN,14,1.0,0.07142857142857142,1.0
1,60,2,GOBEK_PHASE_2_GREEN,18,50.0,2.7777777777777777,11.0
1,70,3,GOBEK_PHASE_2_YELLOW,21,165.0,7.857142857142857,21.0
1,80,4,GOBEK_PHASE_4_GREEN,27,339.0,12.555555555555555,31.0
1,90,5,GOBEK_PHASE_4_YELLOW,34,549.0,16.147058823529413,41.0
1,100,0,GOBEK_PHASE_0_GREEN,27,0.0,0.0,0.0
1,110,0,GOBEK_PHASE_0_GREEN,17,23.0,1.3529411764705883,10.0
1,120,0,GOBEK_PHASE_0_GREEN,16,61.0,3.8125,20.0
1,130,0,GOBEK_PHASE_0_GREEN,19,112.0,5.894736842105263,30.0
1,140,2,GOBEK_PHASE_2_GREEN,20,16.0,0.8,5.0
1,150,2,GOBEK_PHASE_2_GREEN,21,74.0,3.5238095238095237,14.0
1,160,3,GOBEK_PHASE_2_YELLOW,26,193.0,7.423076923076923,24.0
1,170,4,GOBEK_PHASE_4_GREEN,34,366.0,10.764705882352942,34.0
1,180,5,GOBEK_PHASE_4_YELLOW,37,608.0,16.43243243243243,44.0
1,190,0,GOBEK_PHASE_0_GREEN,31,1.0,0.03225806451612903,1.0
1,200,0,GOBEK_PHASE_0_GREEN,20,35.0,1.75,11.0
1,210,0,GOBEK_PHASE_0_GREEN,16,75.0,4.6875,21.0
1,220,0,GOBEK_PHASE_0_GREEN,18,130.0,7.222222222222222,31.0
1,230,2,GOBEK_PHASE_2_GREEN,22,36.0,1.6363636363636365,18.0
1,240,2,GOBEK_PHASE_2_GREEN,24,67.0,2.7916666666666665,14.0
1,250,3,GOBEK_PHASE_2_YELLOW,25,213.0,8.52,24.0
1,260,4,GOBEK_PHASE_4_GREEN,31,429.0,13.838709677419354,34.0
1,270,5,GOBEK_PHASE_4_YELLOW,37,683.0,18.45945945945946,44.0
1,280,0,GOBEK_PHASE_0_GREEN,30,38.0,1.2666666666666666,31.0
1,290,0,GOBEK_PHASE_0_GREEN,19,63.0,3.3157894736842106,41.0
1,300,0,GOBEK_PHASE_0_GREEN,16,108.0,6.75,51.0
1,310,0,GOBEK_PHASE_0_GREEN,12,143.0,11.916666666666666,61.0
1,320,2,GOBEK_PHASE_2_GREEN,19,52.0,2.736842105263158,40.0
1,330,2,GOBEK_PHASE_2_GREEN,21,72.0,3.4285714285714284,16.0
1,340,3,GOBEK_PHASE_2_YELLOW,24,181.0,7.541666666666667,26.0
1,350,4,GOBEK_PHASE_4_GREEN,28,358.0,12.785714285714286,36.0
1,360,5,GOBEK_PHASE_4_YELLOW,34,599.0,17.61764705882353,46.0
1,370,0,GOBEK_PHASE_0_GREEN,29,1.0,0.034482758620689655,1.0
1,380,0,GOBEK_PHASE_0_GREEN,19,37.0,1.9473684210526316,11.0
1,390,0,GOBEK_PHASE_0_GREEN,17,87.0,5.117647058823529,21.0
1,400,0,GOBEK_PHASE_0_GREEN,16,138.0,8.625,31.0
1,410,2,GOBEK_PHASE_2_GREEN,18,40.0,2.2222222222222223,34.0
1,420,2,GOBEK_PHASE_2_GREEN,18,68.0,3.7777777777777777,12.0
1,430,3,GOBEK_PHASE_2_YELLOW,26,188.0,7.230769230769231,22.0
1,440,4,GOBEK_PHASE_4_GREEN,32,360.0,11.25,32.0
1,450,5,GOBEK_PHASE_4_YELLOW,34,593.0,17.441176470588236,42.0
1,460,0,GOBEK_PHASE_0_GREEN,27,1.0,0.037037037037037035,1.0
1,470,0,GOBEK_PHASE_0_GREEN,19,31.0,1.631578947368421,11.0
1,480,0,GOBEK_PHASE_0_GREEN,16,85.0,5.3125,21.0
1,490,0,GOBEK_PHASE_0_GREEN,15,135.0,9.0,31.0
1,500,2,GOBEK_PHASE_2_GREEN,20,87.0,4.35,35.0
1,510,2,GOBEK_PHASE_2_GREEN,21,51.0,2.4285714285714284,12.0
1,520,3,GOBEK_PHASE_2_YELLOW,26,167.0,6.423076923076923,22.0
1,530,4,GOBEK_PHASE_4_GREEN,32,352.0,11.0,32.0
1,540,5,GOBEK_PHASE_4_YELLOW,37,610.0,16.486486486486488,42.0
1,550,0,GOBEK_PHASE_0_GREEN,29,0.0,0.0,0.0
1,560,0,GOBEK_PHASE_0_GREEN,15,26.0,1.7333333333333334,9.0
1,570,0,GOBEK_PHASE_0_GREEN,13,66.0,5.076923076923077,19.0
1,580,0,GOBEK_PHASE_0_GREEN,15,116.0,7.733333333333333,29.0
1,590,2,GOBEK_PHASE_2_GREEN,17,10.0,0.5882352941176471,4.0
1,600,2,GOBEK_PHASE_2_GREEN,20,58.0,2.9,14.0
1,610,3,GOBEK_PHASE_2_YELLOW,25,178.0,7.12,24.0
1,620,4,GOBEK_PHASE_4_GREEN,35,359.0,10.257142857142858,34.0
1,630,5,GOBEK_PHASE_4_YELLOW,39,599.0,15.35897435897436,44.0
1,640,0,GOBEK_PHASE_0_GREEN,34,1.0,0.029411764705882353,1.0
1,650,0,GOBEK_PHASE_0_GREEN,21,31.0,1.4761904761904763,11.0
1,660,0,GOBEK_PHASE_0_GREEN,16,94.0,5.875,21.0
1,670,0,GOBEK_PHASE_0_GREEN,17,151.0,8.882352941176471,31.0
1,680,2,GOBEK_PHASE_2_GREEN,20,53.0,2.65,23.0
1,690,2,GOBEK_PHASE_2_GREEN,24,65.0,2.7083333333333335,16.0
1,700,3,GOBEK_PHASE_2_YELLOW,29,190.0,6.551724137931035,26.0
1,710,4,GOBEK_PHASE_4_GREEN,37,401.0,10.837837837837839,36.0
1,720,5,GOBEK_PHASE_4_YELLOW,43,685.0,15.930232558139535,46.0
1,730,0,GOBEK_PHASE_0_GREEN,37,64.0,1.7297297297297298,32.0
1,740,0,GOBEK_PHASE_0_GREEN,23,102.0,4.434782608695652,42.0
1,750,0,GOBEK_PHASE_0_GREEN,18,163.0,9.055555555555555,52.0
1,760,0,GOBEK_PHASE_0_GREEN,15,212.0,14.133333333333333,62.0
1,770,2,GOBEK_PHASE_2_GREEN,17,20.0,1.1764705882352942,10.0
1,780,2,GOBEK_PHASE_2_GREEN,24,52.0,2.1666666666666665,17.0
1,790,3,GOBEK_PHASE_2_YELLOW,25,140.0,5.6,27.0
1,800,4,GOBEK_PHASE_4_GREEN,32,310.0,9.6875,37.0
1,810,5,GOBEK_PHASE_4_YELLOW,37,558.0,15.08108108108108,47.0
1,820,0,GOBEK_PHASE_0_GREEN,30,31.0,1.0333333333333334,31.0
1,830,0,GOBEK_PHASE_0_GREEN,23,64.0,2.782608695652174,41.0
1,840,0,GOBEK_PHASE_0_GREEN,19,119.0,6.2631578947368425,51.0
1,850,0,GOBEK_PHASE_0_GREEN,14,189.0,13.5,61.0
1,860,2,GOBEK_PHASE_2_GREEN,15,58.0,3.8666666666666667,28.0
1,870,2,GOBEK_PHASE_2_GREEN,19,34.0,1.7894736842105263,14.0
1,880,3,GOBEK_PHASE_2_YELLOW,22,114.0,5.181818181818182,24.0
1,890,4,GOBEK_PHASE_4_GREEN,30,266.0,8.866666666666667,34.0
1,900,5,GOBEK_PHASE_4_YELLOW,35,491.0,14.028571428571428,44.0
1,910,0,GOBEK_PHASE_0_GREEN,28,116.0,4.142857142857143,32.0
1,920,0,GOBEK_PHASE_0_GREEN,18,176.0,9.777777777777779,42.0
1,930,0,GOBEK_PHASE_0_GREEN,20,254.0,12.7,52.0
1,940,0,GOBEK_PHASE_0_GREEN,19,334.0,17.57894736842105,62.0
1,950,2,GOBEK_PHASE_2_GREEN,20,83.0,4.15,36.0
1,960,2,GOBEK_PHASE_2_GREEN,24,97.0,4.041666666666667,18.0
1,970,3,GOBEK_PHASE_2_YELLOW,32,215.0,6.71875,28.0
1,980,4,GOBEK_PHASE_4_GREEN,40,458.0,11.45,38.0
1,990,5,GOBEK_PHASE_4_YELLOW,45,760.0,16.88888888888889,48.0
1,1000,0,GOBEK_PHASE_0_GREEN,37,130.0,3.5135135135135136,35.0
1,1010,0,GOBEK_PHASE_0_GREEN,29,181.0,6.241379310344827,45.0
1,1020,0,GOBEK_PHASE_0_GREEN,22,241.0,10.954545454545455,55.0
1,1030,0,GOBEK_PHASE_0_GREEN,23,301.0,13.08695652173913,65.0
1,1040,2,GOBEK_PHASE_2_GREEN,23,98.0,4.260869565217392,36.0
1,1050,2,GOBEK_PHASE_2_GREEN,24,113.0,4.708333333333333,18.0
1,1060,3,GOBEK_PHASE_2_YELLOW,31,215.0,6.935483870967742,28.0
1,1070,4,GOBEK_PHASE_4_GREEN,38,447.0,11.763157894736842,38.0
1,1080,5,GOBEK_PHASE_4_YELLOW,44,752.0,17.09090909090909,48.0
1,1090,0,GOBEK_PHASE_0_GREEN,39,95.0,2.4358974358974357,31.0
1,1100,0,GOBEK_PHASE_0_GREEN,29,141.0,4.862068965517241,41.0
1,1110,0,GOBEK_PHASE_0_GREEN,21,210.0,10.0,51.0
1,1120,0,GOBEK_PHASE_0_GREEN,21,290.0,13.80952380952381,61.0
1,1130,2,GOBEK_PHASE_2_GREEN,22,133.0,6.045454545454546,36.0
1,1140,2,GOBEK_PHASE_2_GREEN,22,84.0,3.8181818181818183,17.0
1,1150,3,GOBEK_PHASE_2_YELLOW,27,220.0,8.148148148148149,27.0
1,1160,4,GOBEK_PHASE_4_GREEN,33,439.0,13.303030303030303,37.0
1,1170,5,GOBEK_PHASE_4_YELLOW,38,704.0,18.526315789473685,47.0
1,1180,0,GOBEK_PHASE_0_GREEN,29,103.0,3.5517241379310347,35.0
1,1190,0,GOBEK_PHASE_0_GREEN,21,146.0,6.9523809523809526,45.0
1,1200,0,GOBEK_PHASE_0_GREEN,19,206.0,10.842105263157896,55.0
1,1210,0,GOBEK_PHASE_0_GREEN,18,266.0,14.777777777777779,65.0
1,1220,2,GOBEK_PHASE_2_GREEN,22,127.0,5.7727272727272725,35.0
1,1230,2,GOBEK_PHASE_2_GREEN,29,103.0,3.5517241379310347,18.0
1,1240,3,GOBEK_PHASE_2_YELLOW,34,266.0,7.823529411764706,28.0
1,1250,4,GOBEK_PHASE_4_GREEN,40,522.0,13.05,38.0
1,1260,5,GOBEK_PHASE_4_YELLOW,43,856.0,19.906976744186046,48.0
1,1270,0,GOBEK_PHASE_0_GREEN,34,159.0,4.676470588235294,35.0
1,1280,0,GOBEK_PHASE_0_GREEN,25,224.0,8.96,45.0
1,1290,0,GOBEK_PHASE_0_GREEN,23,278.0,12.08695652173913,55.0
1,1300,0,GOBEK_PHASE_0_GREEN,23,348.0,15.130434782608695,65.0
1,1310,2,GOBEK_PHASE_2_GREEN,23,145.0,6.304347826086956,70.0
1,1320,2,GOBEK_PHASE_2_GREEN,30,94.0,3.1333333333333333,17.0
1,1330,3,GOBEK_PHASE_2_YELLOW,39,274.0,7.0256410256410255,27.0
1,1340,4,GOBEK_PHASE_4_GREEN,44,562.0,12.772727272727273,37.0
1,1350,5,GOBEK_PHASE_4_YELLOW,46,931.0,20.23913043478261,47.0
1,1360,0,GOBEK_PHASE_0_GREEN,36,179.0,4.972222222222222,34.0
1,1370,0,GOBEK_PHASE_0_GREEN,33,258.0,7.818181818181818,44.0
1,1380,0,GOBEK_PHASE_0_GREEN,29,388.0,13.379310344827585,54.0
1,1390,0,GOBEK_PHASE_0_GREEN,30,538.0,17.933333333333334,64.0
1,1400,2,GOBEK_PHASE_2_GREEN,28,366.0,13.071428571428571,63.0
1,1410,2,GOBEK_PHASE_2_GREEN,34,122.0,3.588235294117647,32.0
1,1420,3,GOBEK_PHASE_2_YELLOW,38,203.0,5.342105263157895,26.0
1,1430,4,GOBEK_PHASE_4_GREEN,47,495.0,10.53191489361702,36.0
1,1440,5,GOBEK_PHASE_4_YELLOW,53,867.0,16.358490566037737,46.0
1,1450,0,GOBEK_PHASE_0_GREEN,42,132.0,3.142857142857143,33.0
1,1460,0,GOBEK_PHASE_0_GREEN,34,181.0,5.323529411764706,43.0
1,1470,0,GOBEK_PHASE_0_GREEN,27,224.0,8.296296296296296,53.0
1,1480,0,GOBEK_PHASE_0_GREEN,26,292.0,11.23076923076923,63.0
1,1490,2,GOBEK_PHASE_2_GREEN,28,44.0,1.5714285714285714,9.0
1,1500,2,GOBEK_PHASE_2_GREEN,36,189.0,5.25,19.0
1,1510,3,GOBEK_PHASE_2_YELLOW,41,415.0,10.121951219512194,29.0
1,1520,4,GOBEK_PHASE_4_GREEN,46,744.0,16.17391304347826,39.0
1,1530,5,GOBEK_PHASE_4_YELLOW,52,1153.0,22.173076923076923,49.0
1,1540,0,GOBEK_PHASE_0_GREEN,42,169.0,4.023809523809524,33.0
1,1550,0,GOBEK_PHASE_0_GREEN,31,221.0,7.129032258064516,43.0
1,1560,0,GOBEK_PHASE_0_GREEN,30,316.0,10.533333333333333,53.0
1,1570,0,GOBEK_PHASE_0_GREEN,31,395.0,12.741935483870968,63.0
1,1580,2,GOBEK_PHASE_2_GREEN,33,293.0,8.878787878787879,72.0
1,1590,2,GOBEK_PHASE_2_GREEN,38,229.0,6.026315789473684,19.0
1,1600,3,GOBEK_PHASE_2_YELLOW,47,422.0,8.97872340425532,29.0
1,1610,4,GOBEK_PHASE_4_GREEN,52,782.0,15.038461538461538,39.0
1,1620,5,GOBEK_PHASE_4_YELLOW,57,1203.0,21.105263157894736,49.0
1,1630,0,GOBEK_PHASE_0_GREEN,48,203.0,4.229166666666667,35.0
1,1640,0,GOBEK_PHASE_0_GREEN,37,256.0,6.918918918918919,45.0
1,1650,0,GOBEK_PHASE_0_GREEN,33,370.0,11.212121212121213,55.0
1,1660,0,GOBEK_PHASE_0_GREEN,32,489.0,15.28125,65.0
1,1670,2,GOBEK_PHASE_2_GREEN,37,239.0,6.45945945945946,36.0
1,1680,2,GOBEK_PHASE_2_GREEN,39,250.0,6.410256410256411,37.0
1,1690,3,GOBEK_PHASE_2_YELLOW,47,392.0,8.340425531914894,28.0
1,1700,4,GOBEK_PHASE_4_GREEN,53,759.0,14.320754716981131,38.0
1,1710,5,GOBEK_PHASE_4_YELLOW,58,1085.0,18.70689655172414,48.0
1,1720,0,GOBEK_PHASE_0_GREEN,49,179.0,3.6530612244897958,34.0
1,1730,0,GOBEK_PHASE_0_GREEN,44,239.0,5.431818181818182,44.0
1,1740,0,GOBEK_PHASE_0_GREEN,41,243.0,5.926829268292683,54.0
1,1750,0,GOBEK_PHASE_0_GREEN,37,324.0,8.756756756756756,64.0
1,1760,2,GOBEK_PHASE_2_GREEN,37,39.0,1.054054054054054,8.0
1,1770,2,GOBEK_PHASE_2_GREEN,41,247.0,6.024390243902439,18.0
1,1780,3,GOBEK_PHASE_2_YELLOW,47,577.0,12.27659574468085,28.0
1,1790,4,GOBEK_PHASE_4_GREEN,55,974.0,17.70909090909091,38.0
1,1800,5,GOBEK_PHASE_4_YELLOW,61,1446.0,23.704918032786885,48.0
1,1810,0,GOBEK_PHASE_0_GREEN,54,244.0,4.518518518518518,34.0
1,1820,0,GOBEK_PHASE_0_GREEN,44,155.0,3.522727272727273,43.0
1,1830,0,GOBEK_PHASE_0_GREEN,43,241.0,5.604651162790698,53.0
1,1840,0,GOBEK_PHASE_0_GREEN,39,315.0,8.076923076923077,63.0
1,1850,2,GOBEK_PHASE_2_GREEN,38,31.0,0.8157894736842105,6.0
1,1860,2,GOBEK_PHASE_2_GREEN,45,226.0,5.022222222222222,16.0
1,1870,3,GOBEK_PHASE_2_YELLOW,51,488.0,9.568627450980392,26.0
1,1880,4,GOBEK_PHASE_4_GREEN,56,898.0,16.035714285714285,36.0
1,1890,5,GOBEK_PHASE_4_YELLOW,64,1396.0,21.8125,46.0
1,1900,0,GOBEK_PHASE_0_GREEN,53,252.0,4.754716981132075,42.0
1,1910,0,GOBEK_PHASE_0_GREEN,49,178.0,3.63265306122449,44.0
1,1920,0,GOBEK_PHASE_0_GREEN,44,341.0,7.75,54.0
1,1930,0,GOBEK_PHASE_0_GREEN,46,568.0,12.347826086956522,64.0
1,1940,2,GOBEK_PHASE_2_GREEN,48,404.0,8.416666666666666,63.0
1,1950,2,GOBEK_PHASE_2_GREEN,53,346.0,6.528301886792453,35.0
1,1960,3,GOBEK_PHASE_2_YELLOW,60,621.0,10.35,29.0
1,1970,4,GOBEK_PHASE_4_GREEN,66,1123.0,17.015151515151516,39.0
1,1980,5,GOBEK_PHASE_4_YELLOW,72,1706.0,23.694444444444443,49.0
1,1990,0,GOBEK_PHASE_0_GREEN,65,599.0,9.215384615384615,43.0
1,2000,0,GOBEK_PHASE_0_GREEN,54,177.0,3.2777777777777777,42.0
1,2010,0,GOBEK_PHASE_0_GREEN,48,245.0,5.104166666666667,52.0
1,2020,0,GOBEK_PHASE_0_GREEN,49,342.0,6.979591836734694,62.0
1,2030,2,GOBEK_PHASE_2_GREEN,51,254.0,4.980392156862745,39.0
1,2040,2,GOBEK_PHASE_2_GREEN,56,331.0,5.910714285714286,27.0
1,2050,3,GOBEK_PHASE_2_YELLOW,60,429.0,7.15,30.0
1,2060,4,GOBEK_PHASE_4_GREEN,65,854.0,13.138461538461538,40.0
1,2070,5,GOBEK_PHASE_4_YELLOW,69,1443.0,20.91304347826087,50.0
1,2080,0,GOBEK_PHASE_0_GREEN,61,495.0,8.114754098360656,40.0
1,2090,0,GOBEK_PHASE_0_GREEN,51,188.0,3.6862745098039214,45.0
1,2100,0,GOBEK_PHASE_0_GREEN,47,268.0,5.702127659574468,55.0
1,2110,0,GOBEK_PHASE_0_GREEN,47,386.0,8.212765957446809,65.0
1,2120,2,GOBEK_PHASE_2_GREEN,47,120.0,2.5531914893617023,37.0
1,2130,2,GOBEK_PHASE_2_GREEN,52,181.0,3.480769230769231,17.0
1,2140,3,GOBEK_PHASE_2_YELLOW,58,418.0,7.206896551724138,27.0
1,2150,4,GOBEK_PHASE_4_GREEN,63,824.0,13.079365079365079,37.0
1,2160,5,GOBEK_PHASE_4_YELLOW,71,1252.0,17.633802816901408,47.0
1,2170,0,GOBEK_PHASE_0_GREEN,61,530.0,8.688524590163935,41.0
1,2180,0,GOBEK_PHASE_0_GREEN,53,340.0,6.415094339622642,44.0
1,2190,0,GOBEK_PHASE_0_GREEN,51,355.0,6.96078431372549,54.0
1,2200,0,GOBEK_PHASE_0_GREEN,51,452.0,8.862745098039216,64.0
1,2210,2,GOBEK_PHASE_2_GREEN,54,418.0,7.7407407407407405,73.0
1,2220,2,GOBEK_PHASE_2_GREEN,60,346.0,5.766666666666667,27.0
1,2230,3,GOBEK_PHASE_2_YELLOW,65,609.0,9.36923076923077,28.0
1,2240,4,GOBEK_PHASE_4_GREEN,68,1152.0,16.941176470588236,38.0
1,2250,5,GOBEK_PHASE_4_YELLOW,71,1785.0,25.140845070422536,48.0
1,2260,0,GOBEK_PHASE_0_GREEN,60,676.0,11.266666666666667,41.0
1,2270,0,GOBEK_PHASE_0_GREEN,52,168.0,3.230769230769231,42.0
1,2280,0,GOBEK_PHASE_0_GREEN,50,248.0,4.96,52.0
1,2290,0,GOBEK_PHASE_0_GREEN,50,320.0,6.4,62.0
1,2300,2,GOBEK_PHASE_2_GREEN,55,316.0,5.745454545454545,65.0
1,2310,2,GOBEK_PHASE_2_GREEN,59,300.0,5.084745762711864,26.0
1,2320,3,GOBEK_PHASE_2_YELLOW,64,556.0,8.6875,28.0
1,2330,4,GOBEK_PHASE_4_GREEN,70,1105.0,15.785714285714286,38.0
1,2340,5,GOBEK_PHASE_4_YELLOW,78,1743.0,22.346153846153847,48.0
1,2350,0,GOBEK_PHASE_0_GREEN,66,723.0,10.954545454545455,41.0
1,2360,0,GOBEK_PHASE_0_GREEN,57,228.0,4.0,43.0
1,2370,0,GOBEK_PHASE_0_GREEN,53,274.0,5.169811320754717,53.0
1,2380,0,GOBEK_PHASE_0_GREEN,52,353.0,6.788461538461538,63.0
1,2390,2,GOBEK_PHASE_2_GREEN,56,279.0,4.982142857142857,64.0
1,2400,2,GOBEK_PHASE_2_GREEN,62,360.0,5.806451612903226,25.0
1,2410,3,GOBEK_PHASE_2_YELLOW,66,554.0,8.393939393939394,28.0
1,2420,4,GOBEK_PHASE_4_GREEN,74,984.0,13.297297297297296,38.0
1,2430,5,GOBEK_PHASE_4_YELLOW,83,1642.0,19.783132530120483,48.0
1,2440,0,GOBEK_PHASE_0_GREEN,72,630.0,8.75,35.0
1,2450,0,GOBEK_PHASE_0_GREEN,61,228.0,3.737704918032787,45.0
1,2460,0,GOBEK_PHASE_0_GREEN,51,271.0,5.313725490196078,55.0
1,2470,0,GOBEK_PHASE_0_GREEN,54,357.0,6.611111111111111,65.0
1,2480,2,GOBEK_PHASE_2_GREEN,56,200.0,3.5714285714285716,40.0
1,2490,2,GOBEK_PHASE_2_GREEN,62,220.0,3.5483870967741935,20.0
1,2500,3,GOBEK_PHASE_2_YELLOW,70,511.0,7.3,30.0
1,2510,4,GOBEK_PHASE_4_GREEN,75,890.0,11.866666666666667,40.0
1,2520,5,GOBEK_PHASE_4_YELLOW,81,1371.0,16.925925925925927,50.0
1,2530,0,GOBEK_PHASE_0_GREEN,74,596.0,8.054054054054054,39.0
1,2540,0,GOBEK_PHASE_0_GREEN,66,555.0,8.409090909090908,49.0
1,2550,0,GOBEK_PHASE_0_GREEN,52,354.0,6.8076923076923075,59.0
1,2560,0,GOBEK_PHASE_0_GREEN,50,388.0,7.76,69.0
1,2570,2,GOBEK_PHASE_2_GREEN,51,88.0,1.7254901960784315,24.0
1,2580,2,GOBEK_PHASE_2_GREEN,54,185.0,3.425925925925926,17.0
1,2590,3,GOBEK_PHASE_2_YELLOW,64,341.0,5.328125,27.0
1,2600,4,GOBEK_PHASE_4_GREEN,68,799.0,11.75,37.0
1,2610,5,GOBEK_PHASE_4_YELLOW,77,1396.0,18.12987012987013,47.0
1,2620,0,GOBEK_PHASE_0_GREEN,69,636.0,9.217391304347826,34.0
1,2630,0,GOBEK_PHASE_0_GREEN,57,260.0,4.56140350877193,44.0
1,2640,0,GOBEK_PHASE_0_GREEN,57,363.0,6.368421052631579,54.0
1,2650,0,GOBEK_PHASE_0_GREEN,60,556.0,9.266666666666667,64.0
1,2660,2,GOBEK_PHASE_2_GREEN,58,512.0,8.827586206896552,63.0
1,2670,2,GOBEK_PHASE_2_GREEN,64,543.0,8.484375,39.0
1,2680,3,GOBEK_PHASE_2_YELLOW,73,496.0,6.794520547945205,26.0
1,2690,4,GOBEK_PHASE_4_GREEN,79,955.0,12.08860759493671,36.0
1,2700,5,GOBEK_PHASE_4_YELLOW,86,1670.0,19.41860465116279,46.0
1,2710,0,GOBEK_PHASE_0_GREEN,74,772.0,10.432432432432432,40.0
1,2720,0,GOBEK_PHASE_0_GREEN,67,378.0,5.641791044776119,44.0
1,2730,0,GOBEK_PHASE_0_GREEN,62,380.0,6.129032258064516,54.0
1,2740,0,GOBEK_PHASE_0_GREEN,60,547.0,9.116666666666667,64.0
1,2750,2,GOBEK_PHASE_2_GREEN,62,104.0,1.6774193548387097,20.0
1,2760,2,GOBEK_PHASE_2_GREEN,68,366.0,5.382352941176471,18.0
1,2770,3,GOBEK_PHASE_2_YELLOW,74,790.0,10.675675675675675,28.0
1,2780,4,GOBEK_PHASE_4_GREEN,79,1437.0,18.189873417721518,38.0
1,2790,5,GOBEK_PHASE_4_YELLOW,85,2175.0,25.58823529411765,48.0
1,2800,0,GOBEK_PHASE_0_GREEN,79,1096.0,13.873417721518987,47.0
1,2810,0,GOBEK_PHASE_0_GREEN,63,358.0,5.682539682539683,42.0
1,2820,0,GOBEK_PHASE_0_GREEN,61,283.0,4.639344262295082,52.0
1,2830,0,GOBEK_PHASE_0_GREEN,60,346.0,5.766666666666667,62.0
1,2840,2,GOBEK_PHASE_2_GREEN,62,96.0,1.5483870967741935,29.0
1,2850,2,GOBEK_PHASE_2_GREEN,62,307.0,4.951612903225806,18.0
1,2860,3,GOBEK_PHASE_2_YELLOW,68,776.0,11.411764705882353,28.0
1,2870,4,GOBEK_PHASE_4_GREEN,75,1382.0,18.426666666666666,38.0
1,2880,5,GOBEK_PHASE_4_YELLOW,82,2073.0,25.28048780487805,48.0
1,2890,0,GOBEK_PHASE_0_GREEN,71,888.0,12.507042253521126,44.0
1,2900,0,GOBEK_PHASE_0_GREEN,67,327.0,4.880597014925373,43.0
1,2910,0,GOBEK_PHASE_0_GREEN,62,358.0,5.774193548387097,53.0
1,2920,0,GOBEK_PHASE_0_GREEN,63,534.0,8.476190476190476,63.0
1,2930,2,GOBEK_PHASE_2_GREEN,63,299.0,4.746031746031746,60.0
1,2940,2,GOBEK_PHASE_2_GREEN,67,344.0,5.134328358208955,35.0
1,2950,3,GOBEK_PHASE_2_YELLOW,67,574.0,8.567164179104477,30.0
1,2960,4,GOBEK_PHASE_4_GREEN,74,1105.0,14.932432432432432,40.0
1,2970,5,GOBEK_PHASE_4_YELLOW,78,1771.0,22.705128205128204,50.0
1,2980,0,GOBEK_PHASE_0_GREEN,71,785.0,11.056338028169014,40.0
1,2990,0,GOBEK_PHASE_0_GREEN,60,313.0,5.216666666666667,41.0
1,3000,0,GOBEK_PHASE_0_GREEN,57,212.0,3.719298245614035,51.0
1,3010,0,GOBEK_PHASE_0_GREEN,56,295.0,5.267857142857143,61.0
1,3020,2,GOBEK_PHASE_2_GREEN,59,237.0,4.016949152542373,37.0
1,3030,2,GOBEK_PHASE_2_GREEN,64,246.0,3.84375,19.0
1,3040,3,GOBEK_PHASE_2_YELLOW,73,435.0,5.958904109589041,28.0
1,3050,4,GOBEK_PHASE_4_GREEN,79,887.0,11.227848101265822,38.0
1,3060,5,GOBEK_PHASE_4_YELLOW,83,1470.0,17.710843373493976,48.0
1,3070,0,GOBEK_PHASE_0_GREEN,74,534.0,7.216216216216216,38.0
1,3080,0,GOBEK_PHASE_0_GREEN,65,337.0,5.184615384615385,43.0
1,3090,0,GOBEK_PHASE_0_GREEN,59,346.0,5.864406779661017,53.0
1,3100,0,GOBEK_PHASE_0_GREEN,59,435.0,7.372881355932203,63.0
1,3110,2,GOBEK_PHASE_2_GREEN,60,334.0,5.566666666666666,72.0
1,3120,2,GOBEK_PHASE_2_GREEN,63,294.0,4.666666666666667,28.0
1,3130,3,GOBEK_PHASE_2_YELLOW,70,339.0,4.8428571428571425,25.0
1,3140,4,GOBEK_PHASE_4_GREEN,76,735.0,9.671052631578947,35.0
1,3150,5,GOBEK_PHASE_4_YELLOW,83,1374.0,16.55421686746988,45.0
1,3160,0,GOBEK_PHASE_0_GREEN,76,420.0,5.526315789473684,38.0
1,3170,0,GOBEK_PHASE_0_GREEN,58,269.0,4.637931034482759,48.0
1,3180,0,GOBEK_PHASE_0_GREEN,53,413.0,7.7924528301886795,58.0
1,3190,0,GOBEK_PHASE_0_GREEN,56,449.0,8.017857142857142,68.0
1,3200,2,GOBEK_PHASE_2_GREEN,59,361.0,6.11864406779661,71.0
1,3210,2,GOBEK_PHASE_2_GREEN,62,174.0,2.806451612903226,19.0
1,3220,3,GOBEK_PHASE_2_YELLOW,69,409.0,5.927536231884058,29.0
1,3230,4,GOBEK_PHASE_4_GREEN,75,874.0,11.653333333333334,39.0
1,3240,5,GOBEK_PHASE_4_YELLOW,82,1524.0,18.585365853658537,49.0
1,3250,0,GOBEK_PHASE_0_GREEN,69,768.0,11.130434782608695,41.0
1,3260,0,GOBEK_PHASE_0_GREEN,59,310.0,5.254237288135593,41.0
1,3270,0,GOBEK_PHASE_0_GREEN,54,253.0,4.685185185185185,51.0
1,3280,0,GOBEK_PHASE_0_GREEN,56,377.0,6.732142857142857,61.0
1,3290,2,GOBEK_PHASE_2_GREEN,55,247.0,4.490909090909091,43.0
1,3300,2,GOBEK_PHASE_2_GREEN,62,349.0,5.629032258064516,27.0
1,3310,3,GOBEK_PHASE_2_YELLOW,69,592.0,8.579710144927537,27.0
1,3320,4,GOBEK_PHASE_4_GREEN,76,1177.0,15.486842105263158,37.0
1,3330,5,GOBEK_PHASE_4_YELLOW,81,1861.0,22.97530864197531,47.0
1,3340,0,GOBEK_PHASE_0_GREEN,73,608.0,8.32876712328767,43.0
1,3350,0,GOBEK_PHASE_0_GREEN,61,485.0,7.950819672131147,43.0
1,3360,0,GOBEK_PHASE_0_GREEN,62,396.0,6.387096774193548,53.0
1,3370,0,GOBEK_PHASE_0_GREEN,60,463.0,7.716666666666667,63.0
1,3380,2,GOBEK_PHASE_2_GREEN,64,230.0,3.59375,67.0
1,3390,2,GOBEK_PHASE_2_GREEN,67,239.0,3.5671641791044775,19.0
1,3400,3,GOBEK_PHASE_2_YELLOW,73,614.0,8.41095890410959,29.0
1,3410,4,GOBEK_PHASE_4_GREEN,79,1190.0,15.063291139240507,39.0
1,3420,5,GOBEK_PHASE_4_YELLOW,84,1918.0,22.833333333333332,49.0
1,3430,0,GOBEK_PHASE_0_GREEN,77,574.0,7.454545454545454,39.0
1,3440,0,GOBEK_PHASE_0_GREEN,69,200.0,2.898550724637681,43.0
1,3450,0,GOBEK_PHASE_0_GREEN,63,283.0,4.492063492063492,53.0
1,3460,0,GOBEK_PHASE_0_GREEN,61,325.0,5.327868852459017,63.0
1,3470,2,GOBEK_PHASE_2_GREEN,62,138.0,2.225806451612903,41.0
1,3480,2,GOBEK_PHASE_2_GREEN,68,283.0,4.161764705882353,20.0
1,3490,3,GOBEK_PHASE_2_YELLOW,74,668.0,9.027027027027026,30.0
1,3500,4,GOBEK_PHASE_4_GREEN,81,1255.0,15.493827160493828,40.0
1,3510,5,GOBEK_PHASE_4_YELLOW,88,2000.0,22.727272727272727,50.0
1,3520,0,GOBEK_PHASE_0_GREEN,79,615.0,7.784810126582278,38.0
1,3530,0,GOBEK_PHASE_0_GREEN,69,241.0,3.4927536231884058,40.0
1,3540,0,GOBEK_PHASE_0_GREEN,64,228.0,3.5625,50.0
1,3550,0,GOBEK_PHASE_0_GREEN,59,307.0,5.203389830508475,60.0
1,3560,2,GOBEK_PHASE_2_GREEN,57,125.0,2.192982456140351,39.0
1,3570,2,GOBEK_PHASE_2_GREEN,58,165.0,2.8448275862068964,19.0
1,3580,3,GOBEK_PHASE_2_YELLOW,62,463.0,7.467741935483871,29.0
1,3590,4,GOBEK_PHASE_4_GREEN,70,961.0,13.728571428571428,39.0
1,3600,5,GOBEK_PHASE_4_YELLOW,76,1593.0,20.960526315789473,49.0
1,3610,0,GOBEK_PHASE_0_GREEN,69,480.0,6.956521739130435,37.0
1,3620,0,GOBEK_PHASE_0_GREEN,59,116.0,1.9661016949152543,43.0
1,3630,0,GOBEK_PHASE_0_GREEN,58,163.0,2.810344827586207,53.0
1,3640,0,GOBEK_PHASE_0_GREEN,54,202.0,3.740740740740741,63.0
1,3650,2,GOBEK_PHASE_2_GREEN,54,49.0,0.9074074074074074,10.0
1,3660,2,GOBEK_PHASE_2_GREEN,54,244.0,4.518518518518518,20.0
1,3670,3,GOBEK_PHASE_2_YELLOW,56,620.0,11.071428571428571,30.0
1,3680,4,GOBEK_PHASE_4_GREEN,64,1135.0,17.734375,40.0
1,3690,5,GOBEK_PHASE_4_YELLOW,67,1688.0,25.19402985074627,50.0
1,3700,0,GOBEK_PHASE_0_GREEN,57,475.0,8.333333333333334,44.0
1,3710,0,GOBEK_PHASE_0_GREEN,53,247.0,4.660377358490566,42.0
1,3720,0,GOBEK_PHASE_0_GREEN,48,30.0,0.625,17.0
1,3730,0,GOBEK_PHASE_0_GREEN,38,35.0,0.9210526315789473,27.0
1,3740,2,GOBEK_PHASE_2_GREEN,40,36.0,0.9,6.0
1,3750,2,GOBEK_PHASE_2_GREEN,44,224.0,5.090909090909091,16.0
1,3760,3,GOBEK_PHASE_2_YELLOW,47,581.0,12.361702127659575,26.0
1,3770,4,GOBEK_PHASE_4_GREEN,52,1018.0,19.576923076923077,36.0
1,3780,5,GOBEK_PHASE_4_YELLOW,56,1489.0,26.589285714285715,46.0
1,3790,0,GOBEK_PHASE_0_GREEN,46,191.0,4.1521739130434785,40.0
1,3800,0,GOBEK_PHASE_0_GREEN,37,29.0,0.7837837837837838,11.0
1,3810,0,GOBEK_PHASE_0_GREEN,34,66.0,1.9411764705882353,21.0
1,3820,0,GOBEK_PHASE_0_GREEN,29,98.0,3.3793103448275863,31.0
1,3830,2,GOBEK_PHASE_2_GREEN,34,84.0,2.4705882352941178,17.0
1,3840,2,GOBEK_PHASE_2_GREEN,35,256.0,7.314285714285714,19.0
1,3850,3,GOBEK_PHASE_2_YELLOW,38,549.0,14.447368421052632,29.0
1,3860,4,GOBEK_PHASE_4_GREEN,43,884.0,20.558139534883722,39.0
1,3870,5,GOBEK_PHASE_4_YELLOW,48,1259.0,26.229166666666668,49.0
1,3880,0,GOBEK_PHASE_0_GREEN,40,114.0,2.85,42.0
1,3890,0,GOBEK_PHASE_0_GREEN,28,10.0,0.35714285714285715,10.0
1,3900,0,GOBEK_PHASE_0_GREEN,19,20.0,1.0526315789473684,20.0
1,3910,0,GOBEK_PHASE_0_GREEN,12,35.0,2.9166666666666665,30.0
1,3920,2,GOBEK_PHASE_2_GREEN,14,7.0,0.5,4.0
1,3930,2,GOBEK_PHASE_2_GREEN,21,67.0,3.1904761904761907,14.0
1,3940,3,GOBEK_PHASE_2_YELLOW,26,188.0,7.230769230769231,24.0
1,3950,4,GOBEK_PHASE_4_GREEN,31,373.0,12.03225806451613,34.0
1,3960,5,GOBEK_PHASE_4_YELLOW,33,625.0,18.939393939393938,44.0
1,3970,0,GOBEK_PHASE_0_GREEN,25,1.0,0.04,1.0
1,3980,0,GOBEK_PHASE_0_GREEN,12,20.0,1.6666666666666667,11.0
1,3990,0,GOBEK_PHASE_0_GREEN,11,40.0,3.6363636363636362,21.0
1,4000,0,GOBEK_PHASE_0_GREEN,14,62.0,4.428571428571429,31.0
1,4010,2,GOBEK_PHASE_2_GREEN,17,12.0,0.7058823529411765,8.0
1,4020,2,GOBEK_PHASE_2_GREEN,18,51.0,2.8333333333333335,13.0
1,4030,3,GOBEK_PHASE_2_YELLOW,23,173.0,7.521739130434782,23.0
1,4040,4,GOBEK_PHASE_4_GREEN,28,348.0,12.428571428571429,33.0
1,4050,5,GOBEK_PHASE_4_YELLOW,33,569.0,17.242424242424242,43.0
1,4060,0,GOBEK_PHASE_0_GREEN,22,0.0,0.0,0.0
1,4070,0,GOBEK_PHASE_0_GREEN,13,22.0,1.6923076923076923,10.0
1,4080,0,GOBEK_PHASE_0_GREEN,14,52.0,3.7142857142857144,20.0
1,4090,0,GOBEK_PHASE_0_GREEN,16,86.0,5.375,30.0
1,4100,2,GOBEK_PHASE_2_GREEN,21,25.0,1.1904761904761905,14.0
1,4110,2,GOBEK_PHASE_2_GREEN,23,86.0,3.739130434782609,15.0
1,4120,3,GOBEK_PHASE_2_YELLOW,28,226.0,8.071428571428571,25.0
1,4130,4,GOBEK_PHASE_4_GREEN,34,431.0,12.676470588235293,35.0
1,4140,5,GOBEK_PHASE_4_YELLOW,38,704.0,18.526315789473685,45.0
1,4150,0,GOBEK_PHASE_0_GREEN,27,0.0,0.0,0.0
1,4160,0,GOBEK_PHASE_0_GREEN,12,21.0,1.75,9.0
1,4170,0,GOBEK_PHASE_0_GREEN,12,51.0,4.25,19.0
1,4180,0,GOBEK_PHASE_0_GREEN,12,91.0,7.583333333333333,29.0
1,4190,2,GOBEK_PHASE_2_GREEN,18,44.0,2.4444444444444446,38.0
1,4200,2,GOBEK_PHASE_2_GREEN,20,63.0,3.15,13.0
1,4210,3,GOBEK_PHASE_2_YELLOW,27,186.0,6.888888888888889,23.0
1,4220,4,GOBEK_PHASE_4_GREEN,33,380.0,11.515151515151516,33.0
1,4230,5,GOBEK_PHASE_4_YELLOW,40,632.0,15.8,43.0
1,4240,0,GOBEK_PHASE_0_GREEN,30,1.0,0.03333333333333333,1.0
1,4250,0,GOBEK_PHASE_0_GREEN,18,25.0,1.3888888888888888,11.0
1,4260,0,GOBEK_PHASE_0_GREEN,10,65.0,6.5,21.0
1,4270,0,GOBEK_PHASE_0_GREEN,11,105.0,9.545454545454545,31.0
1,4280,2,GOBEK_PHASE_2_GREEN,12,35.0,2.9166666666666665,32.0
1,4290,2,GOBEK_PHASE_2_GREEN,16,37.0,2.3125,13.0
1,4300,3,GOBEK_PHASE_2_YELLOW,22,120.0,5.454545454545454,23.0
1,4310,4,GOBEK_PHASE_4_GREEN,27,277.0,10.25925925925926,33.0
1,4320,5,GOBEK_PHASE_4_YELLOW,35,494.0,14.114285714285714,43.0
1,4330,0,GOBEK_PHASE_0_GREEN,26,0.0,0.0,0.0
1,4340,0,GOBEK_PHASE_0_GREEN,17,19.0,1.1176470588235294,10.0
1,4350,0,GOBEK_PHASE_0_GREEN,10,39.0,3.9,20.0
1,4360,0,GOBEK_PHASE_0_GREEN,8,66.0,8.25,30.0
1,4370,2,GOBEK_PHASE_2_GREEN,9,4.0,0.4444444444444444,3.0
1,4380,2,GOBEK_PHASE_2_GREEN,14,40.0,2.857142857142857,13.0
1,4390,3,GOBEK_PHASE_2_YELLOW,21,112.0,5.333333333333333,23.0
1,4400,4,GOBEK_PHASE_4_GREEN,27,246.0,9.11111111111111,33.0
1,4410,5,GOBEK_PHASE_4_YELLOW,33,444.0,13.454545454545455,43.0
1,4420,0,GOBEK_PHASE_0_GREEN,27,2.0,0.07407407407407407,2.0
1,4430,0,GOBEK_PHASE_0_GREEN,15,14.0,0.9333333333333333,12.0
1,4440,0,GOBEK_PHASE_0_GREEN,13,34.0,2.6153846153846154,22.0
1,4450,0,GOBEK_PHASE_0_GREEN,12,57.0,4.75,32.0
1,4460,2,GOBEK_PHASE_2_GREEN,13,5.0,0.38461538461538464,3.0
1,4470,2,GOBEK_PHASE_2_GREEN,16,42.0,2.625,13.0
1,4480,3,GOBEK_PHASE_2_YELLOW,23,137.0,5.956521739130435,23.0
1,4490,4,GOBEK_PHASE_4_GREEN,29,283.0,9.758620689655173,33.0
1,4500,5,GOBEK_PHASE_4_YELLOW,32,491.0,15.34375,43.0
1,4510,0,GOBEK_PHASE_0_GREEN,27,1.0,0.037037037037037035,1.0
1,4520,0,GOBEK_PHASE_0_GREEN,13,18.0,1.3846153846153846,11.0
1,4530,0,GOBEK_PHASE_0_GREEN,12,38.0,3.1666666666666665,21.0
1,4540,0,GOBEK_PHASE_0_GREEN,10,63.0,6.3,31.0
1,4550,2,GOBEK_PHASE_2_GREEN,10,5.0,0.5,4.0
1,4560,2,GOBEK_PHASE_2_GREEN,14,47.0,3.357142857142857,14.0
1,4570,3,GOBEK_PHASE_2_YELLOW,18,126.0,7.0,24.0
1,4580,4,GOBEK_PHASE_4_GREEN,24,257.0,10.708333333333334,34.0
1,4590,5,GOBEK_PHASE_4_YELLOW,31,431.0,13.903225806451612,44.0
1,4600,0,GOBEK_PHASE_0_GREEN,22,1.0,0.045454545454545456,1.0
1,4610,0,GOBEK_PHASE_0_GREEN,17,27.0,1.588235294117647,11.0
1,4620,0,GOBEK_PHASE_0_GREEN,13,57.0,4.384615384615385,21.0
1,4630,0,GOBEK_PHASE_0_GREEN,12,87.0,7.25,31.0
1,4640,2,GOBEK_PHASE_2_GREEN,16,10.0,0.625,4.0
1,4650,2,GOBEK_PHASE_2_GREEN,17,57.0,3.3529411764705883,14.0
1,4660,3,GOBEK_PHASE_2_YELLOW,21,163.0,7.761904761904762,24.0
1,4670,4,GOBEK_PHASE_4_GREEN,24,332.0,13.833333333333334,34.0
1,4680,5,GOBEK_PHASE_4_YELLOW,30,536.0,17.866666666666667,44.0
1,4690,0,GOBEK_PHASE_0_GREEN,25,1.0,0.04,1.0
1,4700,0,GOBEK_PHASE_0_GREEN,14,27.0,1.9285714285714286,11.0
1,4710,0,GOBEK_PHASE_0_GREEN,13,67.0,5.153846153846154,21.0
1,4720,0,GOBEK_PHASE_0_GREEN,15,111.0,7.4,31.0
1,4730,2,GOBEK_PHASE_2_GREEN,18,12.0,0.6666666666666666,7.0
1,4740,2,GOBEK_PHASE_2_GREEN,18,71.0,3.9444444444444446,17.0
1,4750,3,GOBEK_PHASE_2_YELLOW,22,192.0,8.727272727272727,27.0
1,4760,4,GOBEK_PHASE_4_GREEN,27,361.0,13.37037037037037,37.0
1,4770,5,GOBEK_PHASE_4_YELLOW,30,580.0,19.333333333333332,47.0
1,4780,0,GOBEK_PHASE_0_GREEN,24,0.0,0.0,0.0
1,4790,0,GOBEK_PHASE_0_GREEN,12,0.0,0.0,0.0
1,4800,0,GOBEK_PHASE_0_GREEN,11,0.0,0.0,0.0
1,4810,0,GOBEK_PHASE_0_GREEN,10,5.0,0.5,5.0
1,4820,2,GOBEK_PHASE_2_GREEN,15,8.0,0.5333333333333333,4.0
1,4830,2,GOBEK_PHASE_2_GREEN,21,69.0,3.2857142857142856,14.0
1,4840,3,GOBEK_PHASE_2_YELLOW,28,212.0,7.571428571428571,24.0
1,4850,4,GOBEK_PHASE_4_GREEN,33,401.0,12.151515151515152,34.0
1,4860,5,GOBEK_PHASE_4_YELLOW,36,660.0,18.333333333333332,44.0
1,4870,0,GOBEK_PHASE_0_GREEN,27,0.0,0.0,0.0
1,4880,0,GOBEK_PHASE_0_GREEN,16,18.0,1.125,10.0
1,4890,0,GOBEK_PHASE_0_GREEN,11,42.0,3.8181818181818183,20.0
1,4900,0,GOBEK_PHASE_0_GREEN,15,72.0,4.8,30.0
1,4910,2,GOBEK_PHASE_2_GREEN,17,8.0,0.47058823529411764,3.0
1,4920,2,GOBEK_PHASE_2_GREEN,20,74.0,3.7,13.0
1,4930,3,GOBEK_PHASE_2_YELLOW,27,190.0,7.037037037037037,23.0
1,4940,4,GOBEK_PHASE_4_GREEN,32,373.0,11.65625,33.0
1,4950,5,GOBEK_PHASE_4_YELLOW,38,634.0,16.68421052631579,43.0
1,4960,0,GOBEK_PHASE_0_GREEN,27,0.0,0.0,0.0
1,4970,0,GOBEK_PHASE_0_GREEN,16,25.0,1.5625,10.0
1,4980,0,GOBEK_PHASE_0_GREEN,12,65.0,5.416666666666667,20.0
1,4990,0,GOBEK_PHASE_0_GREEN,15,105.0,7.0,30.0
1,5000,2,GOBEK_PHASE_2_GREEN,15,43.0,2.8666666666666667,37.0
1,5010,2,GOBEK_PHASE_2_GREEN,20,65.0,3.25,13.0
1,5020,3,GOBEK_PHASE_2_YELLOW,26,177.0,6.8076923076923075,23.0
1,5030,4,GOBEK_PHASE_4_GREEN,32,367.0,11.46875,33.0
1,5040,5,GOBEK_PHASE_4_YELLOW,37,619.0,16.72972972972973,43.0
1,5050,0,GOBEK_PHASE_0_GREEN,31,0.0,0.0,0.0
1,5060,0,GOBEK_PHASE_0_GREEN,16,24.0,1.5,10.0
1,5070,0,GOBEK_PHASE_0_GREEN,11,66.0,6.0,20.0
1,5080,0,GOBEK_PHASE_0_GREEN,14,101.0,7.214285714285714,30.0
1,5090,2,GOBEK_PHASE_2_GREEN,18,47.0,2.611111111111111,39.0
1,5100,2,GOBEK_PHASE_2_GREEN,23,65.0,2.8260869565217392,14.0
1,5110,3,GOBEK_PHASE_2_YELLOW,29,200.0,6.896551724137931,24.0
1,5120,4,GOBEK_PHASE_4_GREEN,33,408.0,12.363636363636363,34.0
1,5130,5,GOBEK_PHASE_4_YELLOW,38,679.0,17.86842105263158,44.0
1,5140,0,GOBEK_PHASE_0_GREEN,33,1.0,0.030303030303030304,1.0
1,5150,0,GOBEK_PHASE_0_GREEN,20,31.0,1.55,11.0
1,5160,0,GOBEK_PHASE_0_GREEN,9,71.0,7.888888888888889,21.0
1,5170,0,GOBEK_PHASE_0_GREEN,10,111.0,11.1,31.0
1,5180,2,GOBEK_PHASE_2_GREEN,13,1.0,0.07692307692307693,1.0
1,5190,2,GOBEK_PHASE_2_GREEN,18,34.0,1.8888888888888888,11.0
1,5200,3,GOBEK_PHASE_2_YELLOW,26,130.0,5.0,21.0
1,5210,4,GOBEK_PHASE_4_GREEN,31,293.0,9.451612903225806,31.0
1,5220,5,GOBEK_PHASE_4_YELLOW,37,530.0,14.324324324324325,41.0
1,5230,0,GOBEK_PHASE_0_GREEN,30,0.0,0.0,0.0
1,5240,0,GOBEK_PHASE_0_GREEN,17,1.0,0.058823529411764705,1.0
1,5250,0,GOBEK_PHASE_0_GREEN,6,15.0,2.5,11.0
1,5260,0,GOBEK_PHASE_0_GREEN,5,35.0,7.0,21.0
1,5270,2,GOBEK_PHASE_2_GREEN,6,5.0,0.8333333333333334,5.0
1,5280,2,GOBEK_PHASE_2_GREEN,11,30.0,2.727272727272727,15.0
1,5290,3,GOBEK_PHASE_2_YELLOW,19,84.0,4.421052631578948,25.0
1,5300,4,GOBEK_PHASE_4_GREEN,26,188.0,7.230769230769231,35.0
1,5310,5,GOBEK_PHASE_4_YELLOW,31,366.0,11.806451612903226,45.0
1,5320,0,GOBEK_PHASE_0_GREEN,24,0.0,0.0,0.0
1,5330,0,GOBEK_PHASE_0_GREEN,12,15.0,1.25,8.0
1,5340,0,GOBEK_PHASE_0_GREEN,11,39.0,3.5454545454545454,18.0
1,5350,0,GOBEK_PHASE_0_GREEN,10,69.0,6.9,28.0
1,5360,2,GOBEK_PHASE_2_GREEN,9,7.0,0.7777777777777778,4.0
1,5370,2,GOBEK_PHASE_2_GREEN,13,53.0,4.076923076923077,14.0
1,5380,3,GOBEK_PHASE_2_YELLOW,20,128.0,6.4,24.0
1,5390,4,GOBEK_PHASE_4_GREEN,26,240.0,9.23076923076923,34.0
1,5400,5,GOBEK_PHASE_4_YELLOW,32,433.0,13.53125,44.0
1,5410,0,GOBEK_PHASE_0_GREEN,26,0.0,0.0,0.0
1,5420,0,GOBEK_PHASE_0_GREEN,14,2.0,0.14285714285714285,2.0
1,5430,0,GOBEK_PHASE_0_GREEN,12,19.0,1.5833333333333333,12.0
1,5440,0,GOBEK_PHASE_0_GREEN,10,39.0,3.9,22.0
1,5450,2,GOBEK_PHASE_2_GREEN,9,6.0,0.6666666666666666,4.0
1,5460,2,GOBEK_PHASE_2_GREEN,11,53.0,4.818181818181818,14.0
1,5470,3,GOBEK_PHASE_2_YELLOW,16,134.0,8.375,24.0
1,5480,4,GOBEK_PHASE_4_GREEN,24,246.0,10.25,34.0
1,5490,5,GOBEK_PHASE_4_YELLOW,27,401.0,14.851851851851851,44.0
1,5500,0,GOBEK_PHASE_0_GREEN,20,0.0,0.0,0.0
1,5510,0,GOBEK_PHASE_0_GREEN,14,5.0,0.35714285714285715,5.0
1,5520,0,GOBEK_PHASE_0_GREEN,10,15.0,1.5,15.0
1,5530,0,GOBEK_PHASE_0_GREEN,11,25.0,2.272727272727273,25.0
1,5540,2,GOBEK_PHASE_2_GREEN,14,5.0,0.35714285714285715,3.0
1,5550,2,GOBEK_PHASE_2_GREEN,18,65.0,3.611111111111111,13.0
1,5560,3,GOBEK_PHASE_2_YELLOW,21,184.0,8.761904761904763,23.0
1,5570,4,GOBEK_PHASE_4_GREEN,26,359.0,13.807692307692308,33.0
1,5580,5,GOBEK_PHASE_4_YELLOW,32,566.0,17.6875,43.0
1,5590,0,GOBEK_PHASE_0_GREEN,29,0.0,0.0,0.0
1,5600,0,GOBEK_PHASE_0_GREEN,16,19.0,1.1875,10.0
1,5610,0,GOBEK_PHASE_0_GREEN,9,39.0,4.333333333333333,20.0
1,5620,0,GOBEK_PHASE_0_GREEN,12,59.0,4.916666666666667,30.0
1,5630,2,GOBEK_PHASE_2_GREEN,14,8.0,0.5714285714285714,4.0
1,5640,2,GOBEK_PHASE_2_GREEN,19,77.0,4.052631578947368,14.0
1,5650,3,GOBEK_PHASE_2_YELLOW,23,202.0,8.782608695652174,24.0
1,5660,4,GOBEK_PHASE_4_GREEN,26,378.0,14.538461538461538,34.0
1,5670,5,GOBEK_PHASE_4_YELLOW,32,602.0,18.8125,44.0
1,5680,0,GOBEK_PHASE_0_GREEN,24,0.0,0.0,0.0
1,5690,0,GOBEK_PHASE_0_GREEN,17,10.0,0.5882352941176471,10.0
1,5700,0,GOBEK_PHASE_0_GREEN,14,30.0,2.142857142857143,20.0
1,5710,0,GOBEK_PHASE_0_GREEN,11,58.0,5.2727272727272725,30.0
1,5720,2,GOBEK_PHASE_2_GREEN,14,1.0,0.07142857142857142,1.0
1,5730,2,GOBEK_PHASE_2_GREEN,15,25.0,1.6666666666666667,8.0
1,5740,3,GOBEK_PHASE_2_YELLOW,20,114.0,5.7,18.0
1,5750,4,GOBEK_PHASE_4_GREEN,22,254.0,11.545454545454545,28.0
1,5760,5,GOBEK_PHASE_4_YELLOW,25,449.0,17.96,38.0
1,5770,0,GOBEK_PHASE_0_GREEN,19,1.0,0.05263157894736842,1.0
1,5780,0,GOBEK_PHASE_0_GREEN,10,11.0,1.1,11.0
1,5790,0,GOBEK_PHASE_0_GREEN,13,21.0,1.6153846153846154,21.0
1,5800,0,GOBEK_PHASE_0_GREEN,10,31.0,3.1,31.0
1,5810,2,GOBEK_PHASE_2_GREEN,14,9.0,0.6428571428571429,4.0
1,5820,2,GOBEK_PHASE_2_GREEN,20,59.0,2.95,14.0
1,5830,3,GOBEK_PHASE_2_YELLOW,26,175.0,6.730769230769231,24.0
1,5840,4,GOBEK_PHASE_4_GREEN,32,354.0,11.0625,34.0
1,5850,5,GOBEK_PHASE_4_YELLOW,35,600.0,17.142857142857142,44.0
1,5860,0,GOBEK_PHASE_0_GREEN,28,0.0,0.0,0.0
1,5870,0,GOBEK_PHASE_0_GREEN,20,27.0,1.35,10.0
1,5880,0,GOBEK_PHASE_0_GREEN,17,55.0,3.235294117647059,20.0
1,5890,0,GOBEK_PHASE_0_GREEN,15,95.0,6.333333333333333,30.0
1,5900,2,GOBEK_PHASE_2_GREEN,16,28.0,1.75,21.0
1,5910,2,GOBEK_PHASE_2_GREEN,22,66.0,3.0,15.0
1,5920,3,GOBEK_PHASE_2_YELLOW,28,181.0,6.464285714285714,25.0
1,5930,4,GOBEK_PHASE_4_GREEN,35,383.0,10.942857142857143,35.0
1,5940,5,GOBEK_PHASE_4_YELLOW,40,652.0,16.3,45.0
1,5950,0,GOBEK_PHASE_0_GREEN,29,1.0,0.034482758620689655,1.0
1,5960,0,GOBEK_PHASE_0_GREEN,14,38.0,2.7142857142857144,11.0
1,5970,0,GOBEK_PHASE_0_GREEN,15,108.0,7.2,21.0
1,5980,0,GOBEK_PHASE_0_GREEN,13,178.0,13.692307692307692,31.0
1,5990,2,GOBEK_PHASE_2_GREEN,17,70.0,4.117647058823529,32.0
1,6000,2,GOBEK_PHASE_2_GREEN,18,41.0,2.2777777777777777,15.0
1,6010,3,GOBEK_PHASE_2_YELLOW,21,138.0,6.571428571428571,25.0
1,6020,4,GOBEK_PHASE_4_GREEN,29,288.0,9.931034482758621,35.0
1,6030,5,GOBEK_PHASE_4_YELLOW,35,478.0,13.657142857142857,45.0
1,6040,0,GOBEK_PHASE_0_GREEN,32,32.0,1.0,32.0
1,6050,0,GOBEK_PHASE_0_GREEN,22,61.0,2.772727272727273,42.0
1,6060,0,GOBEK_PHASE_0_GREEN,15,98.0,6.533333333333333,52.0
1,6070,0,GOBEK_PHASE_0_GREEN,11,139.0,12.636363636363637,62.0
1,6080,2,GOBEK_PHASE_2_GREEN,13,42.0,3.230769230769231,40.0
1,6090,2,GOBEK_PHASE_2_GREEN,15,26.0,1.7333333333333334,12.0
1,6100,3,GOBEK_PHASE_2_YELLOW,20,103.0,5.15,22.0
1,6110,4,GOBEK_PHASE_4_GREEN,26,241.0,9.26923076923077,32.0
1,6120,5,GOBEK_PHASE_4_YELLOW,32,434.0,13.5625,42.0
1,6130,0,GOBEK_PHASE_0_GREEN,25,0.0,0.0,0.0
1,6140,0,GOBEK_PHASE_0_GREEN,15,3.0,0.2,3.0
1,6150,0,GOBEK_PHASE_0_GREEN,9,19.0,2.111111111111111,13.0
1,6160,0,GOBEK_PHASE_0_GREEN,9,39.0,4.333333333333333,23.0
1,6170,2,GOBEK_PHASE_2_GREEN,11,5.0,0.45454545454545453,4.0
1,6180,2,GOBEK_PHASE_2_GREEN,18,55.0,3.0555555555555554,14.0
1,6190,3,GOBEK_PHASE_2_YELLOW,24,153.0,6.375,24.0
1,6200,4,GOBEK_PHASE_4_GREEN,30,328.0,10.933333333333334,34.0
1,6210,5,GOBEK_PHASE_4_YELLOW,36,559.0,15.527777777777779,44.0
1,6220,0,GOBEK_PHASE_0_GREEN,28,2.0,0.07142857142857142,2.0
1,6230,0,GOBEK_PHASE_0_GREEN,21,10.0,0.47619047619047616,10.0
1,6240,0,GOBEK_PHASE_0_GREEN,14,20.0,1.4285714285714286,20.0
1,6250,0,GOBEK_PHASE_0_GREEN,6,40.0,6.666666666666667,30.0
1,6260,2,GOBEK_PHASE_2_GREEN,7,1.0,0.14285714285714285,1.0
1,6270,2,GOBEK_PHASE_2_GREEN,13,30.0,2.3076923076923075,11.0
1,6280,3,GOBEK_PHASE_2_YELLOW,20,101.0,5.05,21.0
1,6290,4,GOBEK_PHASE_4_GREEN,26,222.0,8.538461538461538,31.0
1,6300,5,GOBEK_PHASE_4_YELLOW,33,413.0,12.515151515151516,41.0
1,6310,0,GOBEK_PHASE_0_GREEN,25,2.0,0.08,2.0
1,6320,0,GOBEK_PHASE_0_GREEN,15,6.0,0.4,6.0
1,6330,0,GOBEK_PHASE_0_GREEN,13,27.0,2.076923076923077,16.0
1,6340,0,GOBEK_PHASE_0_GREEN,14,57.0,4.071428571428571,26.0
1,6350,2,GOBEK_PHASE_2_GREEN,14,16.0,1.1428571428571428,8.0
1,6360,2,GOBEK_PHASE_2_GREEN,15,70.0,4.666666666666667,14.0
1,6370,3,GOBEK_PHASE_2_YELLOW,19,172.0,9.052631578947368,24.0
1,6380,4,GOBEK_PHASE_4_GREEN,25,310.0,12.4,34.0
1,6390,5,GOBEK_PHASE_4_YELLOW,31,491.0,15.838709677419354,44.0
1,6400,0,GOBEK_PHASE_0_GREEN,26,1.0,0.038461538461538464,1.0
1,6410,0,GOBEK_PHASE_0_GREEN,15,11.0,0.7333333333333333,11.0
1,6420,0,GOBEK_PHASE_0_GREEN,13,22.0,1.6923076923076923,21.0
1,6430,0,GOBEK_PHASE_0_GREEN,11,42.0,3.8181818181818183,31.0
1,6440,2,GOBEK_PHASE_2_GREEN,11,5.0,0.45454545454545453,4.0
1,6450,2,GOBEK_PHASE_2_GREEN,13,54.0,4.153846153846154,14.0
1,6460,3,GOBEK_PHASE_2_YELLOW,16,150.0,9.375,24.0
1,6470,4,GOBEK_PHASE_4_GREEN,21,272.0,12.952380952380953,34.0
1,6480,5,GOBEK_PHASE_4_YELLOW,26,424.0,16.307692307692307,44.0
1,6490,0,GOBEK_PHASE_0_GREEN,19,0.0,0.0,0.0
1,6500,0,GOBEK_PHASE_0_GREEN,11,9.0,0.8181818181818182,9.0
1,6510,0,GOBEK_PHASE_0_GREEN,11,19.0,1.7272727272727273,19.0
1,6520,0,GOBEK_PHASE_0_GREEN,12,29.0,2.4166666666666665,29.0
1,6530,2,GOBEK_PHASE_2_GREEN,15,11.0,0.7333333333333333,5.0
1,6540,2,GOBEK_PHASE_2_GREEN,21,65.0,3.0952380952380953,15.0
1,6550,3,GOBEK_PHASE_2_YELLOW,25,196.0,7.84,25.0
1,6560,4,GOBEK_PHASE_4_GREEN,29,400.0,13.793103448275861,35.0
1,6570,5,GOBEK_PHASE_4_YELLOW,33,644.0,19.515151515151516,45.0
1,6580,0,GOBEK_PHASE_0_GREEN,27,1.0,0.037037037037037035,1.0
1,6590,0,GOBEK_PHASE_0_GREEN,20,27.0,1.35,11.0
1,6600,0,GOBEK_PHASE_0_GREEN,13,57.0,4.384615384615385,21.0
1,6610,0,GOBEK_PHASE_0_GREEN,13,87.0,6.6923076923076925,31.0
1,6620,2,GOBEK_PHASE_2_GREEN,18,17.0,0.9444444444444444,5.0
1,6630,2,GOBEK_PHASE_2_GREEN,25,101.0,4.04,15.0
1,6640,3,GOBEK_PHASE_2_YELLOW,30,265.0,8.833333333333334,25.0
1,6650,4,GOBEK_PHASE_4_GREEN,36,491.0,13.63888888888889,35.0
1,6660,5,GOBEK_PHASE_4_YELLOW,41,788.0,19.21951219512195,45.0
1,6670,0,GOBEK_PHASE_0_GREEN,32,1.0,0.03125,1.0
1,6680,0,GOBEK_PHASE_0_GREEN,17,28.0,1.6470588235294117,11.0
1,6690,0,GOBEK_PHASE_0_GREEN,10,58.0,5.8,21.0
1,6700,0,GOBEK_PHASE_0_GREEN,12,88.0,7.333333333333333,31.0
1,6710,2,GOBEK_PHASE_2_GREEN,13,4.0,0.3076923076923077,2.0
1,6720,2,GOBEK_PHASE_2_GREEN,16,36.0,2.25,12.0
1,6730,3,GOBEK_PHASE_2_YELLOW,23,136.0,5.913043478260869,22.0
1,6740,4,GOBEK_PHASE_4_GREEN,29,280.0,9.655172413793103,32.0
1,6750,5,GOBEK_PHASE_4_YELLOW,32,497.0,15.53125,42.0
1,6760,0,GOBEK_PHASE_0_GREEN,25,1.0,0.04,1.0
1,6770,0,GOBEK_PHASE_0_GREEN,15,20.0,1.3333333333333333,11.0
1,6780,0,GOBEK_PHASE_0_GREEN,12,40.0,3.3333333333333335,21.0
1,6790,0,GOBEK_PHASE_0_GREEN,11,60.0,5.454545454545454,31.0
1,6800,2,GOBEK_PHASE_2_GREEN,15,8.0,0.5333333333333333,4.0
1,6810,2,GOBEK_PHASE_2_GREEN,18,73.0,4.055555555555555,14.0
1,6820,3,GOBEK_PHASE_2_YELLOW,25,196.0,7.84,24.0
1,6830,4,GOBEK_PHASE_4_GREEN,31,369.0,11.903225806451612,34.0
1,6840,5,GOBEK_PHASE_4_YELLOW,35,606.0,17.314285714285713,44.0
1,6850,0,GOBEK_PHASE_0_GREEN,25,1.0,0.04,1.0
1,6860,0,GOBEK_PHASE_0_GREEN,12,26.0,2.1666666666666665,11.0
1,6870,0,GOBEK_PHASE_0_GREEN,11,65.0,5.909090909090909,21.0
1,6880,0,GOBEK_PHASE_0_GREEN,13,105.0,8.076923076923077,31.0
1,6890,2,GOBEK_PHASE_2_GREEN,16,7.0,0.4375,4.0
1,6900,2,GOBEK_PHASE_2_GREEN,21,63.0,3.0,14.0
1,6910,3,GOBEK_PHASE_2_YELLOW,28,193.0,6.892857142857143,24.0
1,6920,4,GOBEK_PHASE_4_GREEN,34,386.0,11.352941176470589,34.0
1,6930,5,GOBEK_PHASE_4_YELLOW,40,642.0,16.05,44.0
1,6940,0,GOBEK_PHASE_0_GREEN,36,1.0,0.027777777777777776,1.0
1,6950,0,GOBEK_PHASE_0_GREEN,24,33.0,1.375,11.0
1,6960,0,GOBEK_PHASE_0_GREEN,15,74.0,4.933333333333334,21.0
1,6970,0,GOBEK_PHASE_0_GREEN,12,124.0,10.333333333333334,31.0
1,6980,2,GOBEK_PHASE_2_GREEN,13,23.0,1.7692307692307692,21.0
1,6990,2,GOBEK_PHASE_2_GREEN,17,29.0,1.7058823529411764,12.0
1,7000,3,GOBEK_PHASE_2_YELLOW,24,111.0,4.625,22.0
1,7010,4,GOBEK_PHASE_4_GREEN,30,260.0,8.666666666666666,32.0
1,7020,5,GOBEK_PHASE_4_YELLOW,36,484.0,13.444444444444445,42.0
1,7030,0,GOBEK_PHASE_0_GREEN,31,0.0,0.0,0.0
1,7040,0,GOBEK_PHASE_0_GREEN,18,10.0,0.5555555555555556,10.0
1,7050,0,GOBEK_PHASE_0_GREEN,7,21.0,3.0,20.0
1,7060,0,GOBEK_PHASE_0_GREEN,9,43.0,4.777777777777778,30.0
1,7070,2,GOBEK_PHASE_2_GREEN,9,3.0,0.3333333333333333,3.0
1,7080,2,GOBEK_PHASE_2_GREEN,14,35.0,2.5,13.0
1,7090,3,GOBEK_PHASE_2_YELLOW,21,105.0,5.0,23.0
1,7100,4,GOBEK_PHASE_4_GREEN,29,233.0,8.03448275862069,33.0
1,7110,5,GOBEK_PHASE_4_YELLOW,34,440.0,12.941176470588236,43.0
1,7120,0,GOBEK_PHASE_0_GREEN,27,1.0,0.037037037037037035,1.0
1,7130,0,GOBEK_PHASE_0_GREEN,17,11.0,0.6470588235294118,11.0
1,7140,0,GOBEK_PHASE_0_GREEN,11,21.0,1.9090909090909092,21.0
1,7150,0,GOBEK_PHASE_0_GREEN,7,31.0,4.428571428571429,31.0
1,7160,2,GOBEK_PHASE_2_GREEN,8,2.0,0.25,2.0
1,7170,2,GOBEK_PHASE_2_GREEN,14,41.0,2.9285714285714284,12.0
1,7180,3,GOBEK_PHASE_2_YELLOW,20,107.0,5.35,22.0
1,7190,4,GOBEK_PHASE_4_GREEN,27,221.0,8.185185185185185,32.0
1,7200,5,GOBEK_PHASE_4_YELLOW,32,404.0,12.625,42.0
1,7210,0,GOBEK_PHASE_0_GREEN,24,0.0,0.0,0.0
1,7220,0,GOBEK_PHASE_0_GREEN,14,0.0,0.0,0.0
1,7230,0,GOBEK_PHASE_0_GREEN,10,0.0,0.0,0.0
1,7240,0,GOBEK_PHASE_0_GREEN,9,0.0,0.0,0.0
1,7250,2,GOBEK_PHASE_2_GREEN,12,12.0,1.0,6.0
1,7260,2,GOBEK_PHASE_2_GREEN,16,81.0,5.0625,16.0
1,7270,3,GOBEK_PHASE_2_YELLOW,21,190.0,9.047619047619047,26.0
1,7280,4,GOBEK_PHASE_4_GREEN,28,332.0,11.857142857142858,36.0
1,7290,5,GOBEK_PHASE_4_YELLOW,32,535.0,16.71875,46.0
1,7300,0,GOBEK_PHASE_0_GREEN,25,0.0,0.0,0.0
1,7310,0,GOBEK_PHASE_0_GREEN,18,20.0,1.1111111111111112,10.0
1,7320,0,GOBEK_PHASE_0_GREEN,14,50.0,3.5714285714285716,20.0
1,7330,0,GOBEK_PHASE_0_GREEN,13,88.0,6.769230769230769,30.0
1,7340,2,GOBEK_PHASE_2_GREEN,16,25.0,1.5625,18.0
1,7350,2,GOBEK_PHASE_2_GREEN,18,64.0,3.5555555555555554,13.0
1,7360,3,GOBEK_PHASE_2_YELLOW,21,183.0,8.714285714285714,23.0
1,7370,4,GOBEK_PHASE_4_GREEN,28,346.0,12.357142857142858,33.0
1,7380,5,GOBEK_PHASE_4_YELLOW,33,556.0,16.848484848484848,43.0
1,7390,0,GOBEK_PHASE_0_GREEN,27,0.0,0.0,0.0
1,7400,0,GOBEK_PHASE_0_GREEN,17,17.0,1.0,10.0
1,7410,0,GOBEK_PHASE_0_GREEN,10,37.0,3.7,20.0
1,7420,0,GOBEK_PHASE_0_GREEN,9,57.0,6.333333333333333,30.0
1,7430,2,GOBEK_PHASE_2_GREEN,13,5.0,0.38461538461538464,3.0
1,7440,2,GOBEK_PHASE_2_GREEN,18,57.0,3.1666666666666665,13.0
1,7450,3,GOBEK_PHASE_2_YELLOW,22,172.0,7.818181818181818,23.0
1,7460,4,GOBEK_PHASE_4_GREEN,25,342.0,13.68,33.0
1,7470,5,GOBEK_PHASE_4_YELLOW,28,548.0,19.571428571428573,43.0
1,7480,0,GOBEK_PHASE_0_GREEN,21,1.0,0.047619047619047616,1.0
1,7490,0,GOBEK_PHASE_0_GREEN,15,11.0,0.7333333333333333,11.0
1,7500,0,GOBEK_PHASE_0_GREEN,11,21.0,1.9090909090909092,21.0
1,7510,0,GOBEK_PHASE_0_GREEN,12,33.0,2.75,31.0
1,7520,2,GOBEK_PHASE_2_GREEN,14,8.0,0.5714285714285714,4.0
1,7530,2,GOBEK_PHASE_2_GREEN,20,78.0,3.9,14.0
1,7540,3,GOBEK_PHASE_2_YELLOW,27,212.0,7.851851851851852,24.0
1,7550,4,GOBEK_PHASE_4_GREEN,32,403.0,12.59375,34.0
1,7560,5,GOBEK_PHASE_4_YELLOW,35,663.0,18.942857142857143,44.0
1,7570,0,GOBEK_PHASE_0_GREEN,24,1.0,0.041666666666666664,1.0
1,7580,0,GOBEK_PHASE_0_GREEN,17,26.0,1.5294117647058822,11.0
1,7590,0,GOBEK_PHASE_0_GREEN,14,56.0,4.0,21.0
1,7600,0,GOBEK_PHASE_0_GREEN,15,92.0,6.133333333333334,31.0
1,7610,2,GOBEK_PHASE_2_GREEN,20,9.0,0.45,4.0
1,7620,2,GOBEK_PHASE_2_GREEN,22,70.0,3.1818181818181817,14.0
1,7630,3,GOBEK_PHASE_2_YELLOW,28,200.0,7.142857142857143,24.0
1,7640,4,GOBEK_PHASE_4_GREEN,34,399.0,11.735294117647058,34.0
1,7650,5,GOBEK_PHASE_4_YELLOW,38,665.0,17.5,44.0
1,7660,0,GOBEK_PHASE_0_GREEN,30,0.0,0.0,0.0
1,7670,0,GOBEK_PHASE_0_GREEN,16,16.0,1.0,10.0
1,7680,0,GOBEK_PHASE_0_GREEN,11,41.0,3.727272727272727,20.0
1,7690,0,GOBEK_PHASE_0_GREEN,15,71.0,4.733333333333333,30.0
1,7700,2,GOBEK_PHASE_2_GREEN,18,11.0,0.6111111111111112,4.0
1,7710,2,GOBEK_PHASE_2_GREEN,21,84.0,4.0,14.0
1,7720,3,GOBEK_PHASE_2_YELLOW,27,218.0,8.074074074074074,24.0
1,7730,4,GOBEK_PHASE_4_GREEN,34,416.0,12.235294117647058,34.0
1,7740,5,GOBEK_PHASE_4_YELLOW,38,669.0,17.605263157894736,44.0
1,7750,0,GOBEK_PHASE_0_GREEN,31,0.0,0.0,0.0
1,7760,0,GOBEK_PHASE_0_GREEN,15,2.0,0.13333333333333333,2.0
1,7770,0,GOBEK_PHASE_0_GREEN,7,12.0,1.7142857142857142,12.0
1,7780,0,GOBEK_PHASE_0_GREEN,11,22.0,2.0,22.0
1,7790,2,GOBEK_PHASE_2_GREEN,14,5.0,0.35714285714285715,4.0
1,7800,2,GOBEK_PHASE_2_GREEN,21,66.0,3.142857142857143,14.0
1,7810,3,GOBEK_PHASE_2_YELLOW,27,193.0,7.148148148148148,24.0
1,7820,4,GOBEK_PHASE_4_GREEN,31,377.0,12.161290322580646,34.0
1,7830,5,GOBEK_PHASE_4_YELLOW,37,634.0,17.135135135135137,44.0
1,7840,0,GOBEK_PHASE_0_GREEN,31,1.0,0.03225806451612903,1.0
1,7850,0,GOBEK_PHASE_0_GREEN,18,20.0,1.1111111111111112,11.0
1,7860,0,GOBEK_PHASE_0_GREEN,10,40.0,4.0,21.0
1,7870,0,GOBEK_PHASE_0_GREEN,9,60.0,6.666666666666667,31.0
1,7880,2,GOBEK_PHASE_2_GREEN,13,11.0,0.8461538461538461,5.0
1,7890,2,GOBEK_PHASE_2_GREEN,20,80.0,4.0,15.0
1,7900,3,GOBEK_PHASE_2_YELLOW,27,215.0,7.962962962962963,25.0
1,7910,4,GOBEK_PHASE_4_GREEN,32,409.0,12.78125,35.0
1,7920,5,GOBEK_PHASE_4_YELLOW,39,666.0,17.076923076923077,45.0
1,7930,0,GOBEK_PHASE_0_GREEN,33,1.0,0.030303030303030304,1.0
1,7940,0,GOBEK_PHASE_0_GREEN,16,22.0,1.375,11.0
1,7950,0,GOBEK_PHASE_0_GREEN,11,52.0,4.7272727272727275,21.0
1,7960,0,GOBEK_PHASE_0_GREEN,11,91.0,8.272727272727273,31.0
1,7970,2,GOBEK_PHASE_2_GREEN,11,5.0,0.45454545454545453,3.0
1,7980,2,GOBEK_PHASE_2_GREEN,16,43.0,2.6875,13.0
1,7990,3,GOBEK_PHASE_2_YELLOW,22,126.0,5.7272727272727275,23.0
1,8000,4,GOBEK_PHASE_4_GREEN,29,274.0,9.448275862068966,33.0
1,8010,5,GOBEK_PHASE_4_YELLOW,36,490.0,13.61111111111111,43.0
1,8020,0,GOBEK_PHASE_0_GREEN,27,0.0,0.0,0.0
1,8030,0,GOBEK_PHASE_0_GREEN,15,19.0,1.2666666666666666,9.0
1,8040,0,GOBEK_PHASE_0_GREEN,15,60.0,4.0,19.0
1,8050,0,GOBEK_PHASE_0_GREEN,13,97.0,7.461538461538462,29.0
1,8060,2,GOBEK_PHASE_2_GREEN,14,41.0,2.9285714285714284,38.0
1,8070,2,GOBEK_PHASE_2_GREEN,16,49.0,3.0625,12.0
1,8080,3,GOBEK_PHASE_2_YELLOW,20,131.0,6.55,22.0
1,8090,4,GOBEK_PHASE_4_GREEN,27,256.0,9.481481481481481,32.0
1,8100,5,GOBEK_PHASE_4_YELLOW,33,439.0,13.303030303030303,42.0
1,8110,0,GOBEK_PHASE_0_GREEN,27,2.0,0.07407407407407407,2.0
1,8120,0,GOBEK_PHASE_0_GREEN,18,15.0,0.8333333333333334,12.0
1,8130,0,GOBEK_PHASE_0_GREEN,12,50.0,4.166666666666667,22.0
1,8140,0,GOBEK_PHASE_0_GREEN,13,91.0,7.0,32.0
1,8150,2,GOBEK_PHASE_2_GREEN,13,25.0,1.9230769230769231,25.0
1,8160,2,GOBEK_PHASE_2_GREEN,13,47.0,3.6153846153846154,9.0
1,8170,3,GOBEK_PHASE_2_YELLOW,18,141.0,7.833333333333333,19.0
1,8180,4,GOBEK_PHASE_4_GREEN,26,272.0,10.461538461538462,29.0
1,8190,5,GOBEK_PHASE_4_YELLOW,31,441.0,14.225806451612904,39.0
1,8200,0,GOBEK_PHASE_0_GREEN,27,0.0,0.0,0.0
1,8210,0,GOBEK_PHASE_0_GREEN,17,19.0,1.1176470588235294,10.0
1,8220,0,GOBEK_PHASE_0_GREEN,14,55.0,3.9285714285714284,20.0
1,8230,0,GOBEK_PHASE_0_GREEN,18,103.0,5.722222222222222,30.0
1,8240,2,GOBEK_PHASE_2_GREEN,18,39.0,2.1666666666666665,25.0
1,8250,2,GOBEK_PHASE_2_GREEN,19,84.0,4.421052631578948,14.0
1,8260,3,GOBEK_PHASE_2_YELLOW,21,215.0,10.238095238095237,24.0
1,8270,4,GOBEK_PHASE_4_GREEN,26,388.0,14.923076923076923,34.0
1,8280,5,GOBEK_PHASE_4_YELLOW,29,593.0,20.448275862068964,44.0
1,8290,0,GOBEK_PHASE_0_GREEN,26,1.0,0.038461538461538464,1.0
1,8300,0,GOBEK_PHASE_0_GREEN,17,11.0,0.6470588235294118,11.0
1,8310,0,GOBEK_PHASE_0_GREEN,11,21.0,1.9090909090909092,21.0
1,8320,0,GOBEK_PHASE_0_GREEN,11,31.0,2.8181818181818183,31.0
1,8330,2,GOBEK_PHASE_2_GREEN,15,3.0,0.2,3.0
1,8340,2,GOBEK_PHASE_2_GREEN,21,58.0,2.761904761904762,13.0
1,8350,3,GOBEK_PHASE_2_YELLOW,24,198.0,8.25,23.0
1,8360,4,GOBEK_PHASE_4_GREEN,28,390.0,13.928571428571429,33.0
1,8370,5,GOBEK_PHASE_4_YELLOW,36,625.0,17.36111111111111,43.0
1,8380,0,GOBEK_PHASE_0_GREEN,29,0.0,0.0,0.0
1,8390,0,GOBEK_PHASE_0_GREEN,16,10.0,0.625,10.0
1,8400,0,GOBEK_PHASE_0_GREEN,14,30.0,2.142857142857143,20.0
1,8410,0,GOBEK_PHASE_0_GREEN,16,67.0,4.1875,30.0
1,8420,2,GOBEK_PHASE_2_GREEN,18,22.0,1.2222222222222223,16.0
1,8430,2,GOBEK_PHASE_2_GREEN,20,69.0,3.45,13.0
1,8440,3,GOBEK_PHASE_2_YELLOW,25,188.0,7.52,23.0
1,8450,4,GOBEK_PHASE_4_GREEN,30,364.0,12.133333333333333,33.0
1,8460,5,GOBEK_PHASE_4_YELLOW,33,604.0,18.303030303030305,43.0
1,8470,0,GOBEK_PHASE_0_GREEN,29,0.0,0.0,0.0
1,8480,0,GOBEK_PHASE_0_GREEN,17,23.0,1.3529411764705883,9.0
1,8490,0,GOBEK_PHASE_0_GREEN,12,53.0,4.416666666666667,19.0
1,8500,0,GOBEK_PHASE_0_GREEN,13,90.0,6.923076923076923,29.0
1,8510,2,GOBEK_PHASE_2_GREEN,16,4.0,0.25,3.0
1,8520,2,GOBEK_PHASE_2_GREEN,18,59.0,3.2777777777777777,13.0
1,8530,3,GOBEK_PHASE_2_YELLOW,25,173.0,6.92,23.0
1,8540,4,GOBEK_PHASE_4_GREEN,30,342.0,11.4,33.0
1,8550,5,GOBEK_PHASE_4_YELLOW,35,574.0,16.4,43.0
1,8560,0,GOBEK_PHASE_0_GREEN,26,1.0,0.038461538461538464,1.0
1,8570,0,GOBEK_PHASE_0_GREEN,13,27.0,2.076923076923077,11.0
1,8580,0,GOBEK_PHASE_0_GREEN,16,65.0,4.0625,21.0
1,8590,0,GOBEK_PHASE_0_GREEN,15,105.0,7.0,31.0
1,8600,2,GOBEK_PHASE_2_GREEN,16,38.0,2.375,38.0
1,8610,2,GOBEK_PHASE_2_GREEN,19,40.0,2.1052631578947367,10.0
1,8620,3,GOBEK_PHASE_2_YELLOW,23,144.0,6.260869565217392,20.0
1,8630,4,GOBEK_PHASE_4_GREEN,30,300.0,10.0,30.0
1,8640,5,GOBEK_PHASE_4_YELLOW,36,524.0,14.555555555555555,40.0
1,8650,0,GOBEK_PHASE_0_GREEN,28,0.0,0.0,0.0
1,8660,0,GOBEK_PHASE_0_GREEN,12,19.0,1.5833333333333333,10.0
1,8670,0,GOBEK_PHASE_0_GREEN,9,41.0,4.555555555555555,20.0
1,8680,0,GOBEK_PHASE_0_GREEN,14,71.0,5.071428571428571,30.0
1,8690,2,GOBEK_PHASE_2_GREEN,15,8.0,0.5333333333333333,5.0
1,8700,2,GOBEK_PHASE_2_GREEN,21,58.0,2.761904761904762,15.0
1,8710,3,GOBEK_PHASE_2_YELLOW,26,180.0,6.923076923076923,25.0
1,8720,4,GOBEK_PHASE_4_GREEN,33,379.0,11.484848484848484,35.0
1,8730,5,GOBEK_PHASE_4_YELLOW,39,634.0,16.256410256410255,45.0
1,8740,0,GOBEK_PHASE_0_GREEN,34,0.0,0.0,0.0
1,8750,0,GOBEK_PHASE_0_GREEN,20,9.0,0.45,9.0
1,8760,0,GOBEK_PHASE_0_GREEN,10,19.0,1.9,19.0
1,8770,0,GOBEK_PHASE_0_GREEN,9,29.0,3.2222222222222223,29.0
1,8780,2,GOBEK_PHASE_2_GREEN,11,1.0,0.09090909090909091,1.0
1,8790,2,GOBEK_PHASE_2_GREEN,16,37.0,2.3125,11.0
1,8800,3,GOBEK_PHASE_2_YELLOW,22,126.0,5.7272727272727275,21.0
1,8810,4,GOBEK_PHASE_4_GREEN,30,284.0,9.466666666666667,31.0
1,8820,5,GOBEK_PHASE_4_YELLOW,36,497.0,13.805555555555555,41.0
1,8830,0,GOBEK_PHASE_0_GREEN,30,1.0,0.03333333333333333,1.0
1,8840,0,GOBEK_PHASE_0_GREEN,21,19.0,0.9047619047619048,11.0
1,8850,0,GOBEK_PHASE_0_GREEN,11,39.0,3.5454545454545454,21.0
1,8860,0,GOBEK_PHASE_0_GREEN,10,59.0,5.9,31.0
1,8870,2,GOBEK_PHASE_2_GREEN,11,9.0,0.8181818181818182,5.0
1,8880,2,GOBEK_PHASE_2_GREEN,17,73.0,4.294117647058823,15.0
1,8890,3,GOBEK_PHASE_2_YELLOW,23,178.0,7.739130434782608,25.0
1,8900,4,GOBEK_PHASE_4_GREEN,31,328.0,10.580645161290322,35.0
1,8910,5,GOBEK_PHASE_4_YELLOW,33,545.0,16.515151515151516,45.0
1,8920,0,GOBEK_PHASE_0_GREEN,27,1.0,0.037037037037037035,1.0
1,8930,0,GOBEK_PHASE_0_GREEN,19,11.0,0.5789473684210527,11.0
1,8940,0,GOBEK_PHASE_0_GREEN,11,26.0,2.3636363636363638,21.0
1,8950,0,GOBEK_PHASE_0_GREEN,7,46.0,6.571428571428571,31.0
1,8960,2,GOBEK_PHASE_2_GREEN,8,1.0,0.125,1.0
1,8970,2,GOBEK_PHASE_2_GREEN,11,29.0,2.6363636363636362,11.0
1,8980,3,GOBEK_PHASE_2_YELLOW,17,90.0,5.294117647058823,21.0
1,8990,4,GOBEK_PHASE_4_GREEN,24,188.0,7.833333333333333,31.0
1,9000,5,GOBEK_PHASE_4_YELLOW,28,344.0,12.285714285714286,41.0
1,9010,0,GOBEK_PHASE_0_GREEN,22,0.0,0.0,0.0
1,9020,0,GOBEK_PHASE_0_GREEN,15,14.0,0.9333333333333333,10.0
1,9030,0,GOBEK_PHASE_0_GREEN,12,44.0,3.6666666666666665,20.0
1,9040,0,GOBEK_PHASE_0_GREEN,14,81.0,5.785714285714286,30.0
1,9050,2,GOBEK_PHASE_2_GREEN,13,21.0,1.6153846153846154,17.0
1,9060,2,GOBEK_PHASE_2_GREEN,14,53.0,3.7857142857142856,12.0
1,9070,3,GOBEK_PHASE_2_YELLOW,19,152.0,8.0,22.0
1,9080,4,GOBEK_PHASE_4_GREEN,26,273.0,10.5,32.0
1,9090,5,GOBEK_PHASE_4_YELLOW,31,442.0,14.258064516129032,42.0
1,9100,0,GOBEK_PHASE_0_GREEN,27,0.0,0.0,0.0
1,9110,0,GOBEK_PHASE_0_GREEN,17,16.0,0.9411764705882353,9.0
1,9120,0,GOBEK_PHASE_0_GREEN,13,42.0,3.230769230769231,19.0
1,9130,0,GOBEK_PHASE_0_GREEN,10,72.0,7.2,29.0
1,9140,2,GOBEK_PHASE_2_GREEN,12,3.0,0.25,3.0
1,9150,2,GOBEK_PHASE_2_GREEN,14,44.0,3.142857142857143,13.0
1,9160,3,GOBEK_PHASE_2_YELLOW,18,130.0,7.222222222222222,23.0
1,9170,4,GOBEK_PHASE_4_GREEN,23,263.0,11.434782608695652,33.0
1,9180,5,GOBEK_PHASE_4_YELLOW,30,433.0,14.433333333333334,43.0
1,9190,0,GOBEK_PHASE_0_GREEN,23,0.0,0.0,0.0
1,9200,0,GOBEK_PHASE_0_GREEN,13,5.0,0.38461538461538464,5.0
1,9210,0,GOBEK_PHASE_0_GREEN,11,15.0,1.3636363636363635,15.0
1,9220,0,GOBEK_PHASE_0_GREEN,10,27.0,2.7,25.0
1,9230,2,GOBEK_PHASE_2_GREEN,13,3.0,0.23076923076923078,2.0
1,9240,2,GOBEK_PHASE_2_GREEN,18,62.0,3.4444444444444446,12.0
1,9250,3,GOBEK_PHASE_2_YELLOW,20,179.0,8.95,22.0
1,9260,4,GOBEK_PHASE_4_GREEN,23,341.0,14.826086956521738,32.0
1,9270,5,GOBEK_PHASE_4_YELLOW,29,535.0,18.448275862068964,42.0
1,9280,0,GOBEK_PHASE_0_GREEN,22,0.0,0.0,0.0
1,9290,0,GOBEK_PHASE_0_GREEN,11,10.0,0.9090909090909091,10.0
1,9300,0,GOBEK_PHASE_0_GREEN,11,20.0,1.8181818181818181,20.0
1,9310,0,GOBEK_PHASE_0_GREEN,14,32.0,2.2857142857142856,30.0
1,9320,2,GOBEK_PHASE_2_GREEN,16,10.0,0.625,4.0
1,9330,2,GOBEK_PHASE_2_GREEN,20,63.0,3.15,14.0
1,9340,3,GOBEK_PHASE_2_YELLOW,24,191.0,7.958333333333333,24.0
1,9350,4,GOBEK_PHASE_4_GREEN,25,387.0,15.48,34.0
1,9360,5,GOBEK_PHASE_4_YELLOW,30,621.0,20.7,44.0
1,9370,0,GOBEK_PHASE_0_GREEN,24,1.0,0.041666666666666664,1.0
1,9380,0,GOBEK_PHASE_0_GREEN,10,11.0,1.1,11.0
1,9390,0,GOBEK_PHASE_0_GREEN,11,21.0,1.9090909090909092,21.0
1,9400,0,GOBEK_PHASE_0_GREEN,11,31.0,2.8181818181818183,31.0
1,9410,2,GOBEK_PHASE_2_GREEN,14,4.0,0.2857142857142857,3.0
1,9420,2,GOBEK_PHASE_2_GREEN,22,70.0,3.1818181818181817,13.0
1,9430,3,GOBEK_PHASE_2_YELLOW,27,197.0,7.296296296296297,23.0
1,9440,4,GOBEK_PHASE_4_GREEN,34,396.0,11.647058823529411,33.0
1,9450,5,GOBEK_PHASE_4_YELLOW,36,655.0,18.194444444444443,43.0
1,9460,0,GOBEK_PHASE_0_GREEN,26,0.0,0.0,0.0
1,9470,0,GOBEK_PHASE_0_GREEN,16,25.0,1.5625,10.0
1,9480,0,GOBEK_PHASE_0_GREEN,12,55.0,4.583333333333333,20.0
1,9490,0,GOBEK_PHASE_0_GREEN,13,85.0,6.538461538461538,30.0
1,9500,2,GOBEK_PHASE_2_GREEN,16,52.0,3.25,38.0
1,9510,2,GOBEK_PHASE_2_GREEN,18,87.0,4.833333333333333,15.0
1,9520,3,GOBEK_PHASE_2_YELLOW,23,214.0,9.304347826086957,25.0
1,9530,4,GOBEK_PHASE_4_GREEN,31,370.0,11.935483870967742,35.0
1,9540,5,GOBEK_PHASE_4_YELLOW,35,589.0,16.82857142857143,45.0
1,9550,0,GOBEK_PHASE_0_GREEN,25,0.0,0.0,0.0
1,9560,0,GOBEK_PHASE_0_GREEN,11,15.0,1.3636363636363635,9.0
1,9570,0,GOBEK_PHASE_0_GREEN,8,35.0,4.375,19.0
1,9580,0,GOBEK_PHASE_0_GREEN,11,55.0,5.0,29.0
1,9590,2,GOBEK_PHASE_2_GREEN,15,4.0,0.26666666666666666,4.0
1,9600,2,GOBEK_PHASE_2_GREEN,20,62.0,3.1,14.0
1,9610,3,GOBEK_PHASE_2_YELLOW,27,191.0,7.074074074074074,24.0
1,9620,4,GOBEK_PHASE_4_GREEN,32,367.0,11.46875,34.0
1,9630,5,GOBEK_PHASE_4_YELLOW,37,631.0,17.054054054054053,44.0
1,9640,0,GOBEK_PHASE_0_GREEN,32,0.0,0.0,0.0
1,9650,0,GOBEK_PHASE_0_GREEN,13,19.0,1.4615384615384615,10.0
1,9660,0,GOBEK_PHASE_0_GREEN,9,39.0,4.333333333333333,20.0
1,9670,0,GOBEK_PHASE_0_GREEN,10,59.0,5.9,30.0
1,9680,2,GOBEK_PHASE_2_GREEN,13,2.0,0.15384615384615385,2.0
1,9690,2,GOBEK_PHASE_2_GREEN,20,48.0,2.4,12.0
1,9700,3,GOBEK_PHASE_2_YELLOW,25,159.0,6.36,22.0
1,9710,4,GOBEK_PHASE_4_GREEN,32,347.0,10.84375,32.0
1,9720,5,GOBEK_PHASE_4_YELLOW,37,593.0,16.027027027027028,42.0
1,9730,0,GOBEK_PHASE_0_GREEN,29,2.0,0.06896551724137931,2.0
1,9740,0,GOBEK_PHASE_0_GREEN,19,20.0,1.0526315789473684,12.0
1,9750,0,GOBEK_PHASE_0_GREEN,10,43.0,4.3,22.0
1,9760,0,GOBEK_PHASE_0_GREEN,10,83.0,8.3,32.0
1,9770,2,GOBEK_PHASE_2_GREEN,11,3.0,0.2727272727272727,3.0
1,9780,2,GOBEK_PHASE_2_GREEN,17,41.0,2.411764705882353,13.0
1,9790,3,GOBEK_PHASE_2_YELLOW,22,124.0,5.636363636363637,23.0
1,9800,4,GOBEK_PHASE_4_GREEN,31,273.0,8.806451612903226,33.0
1,9810,5,GOBEK_PHASE_4_YELLOW,37,483.0,13.054054054054054,43.0
1,9820,0,GOBEK_PHASE_0_GREEN,30,0.0,0.0,0.0
1,9830,0,GOBEK_PHASE_0_GREEN,18,18.0,1.0,10.0
1,9840,0,GOBEK_PHASE_0_GREEN,9,38.0,4.222222222222222,20.0
1,9850,0,GOBEK_PHASE_0_GREEN,10,72.0,7.2,30.0
1,9860,2,GOBEK_PHASE_2_GREEN,9,20.0,2.2222222222222223,14.0
1,9870,2,GOBEK_PHASE_2_GREEN,8,37.0,4.625,15.0
1,9880,3,GOBEK_PHASE_2_YELLOW,15,91.0,6.066666666666666,25.0
1,9890,4,GOBEK_PHASE_4_GREEN,23,170.0,7.391304347826087,35.0
1,9900,5,GOBEK_PHASE_4_YELLOW,29,318.0,10.96551724137931,45.0
1,9910,0,GOBEK_PHASE_0_GREEN,21,0.0,0.0,0.0
1,9920,0,GOBEK_PHASE_0_GREEN,15,14.0,0.9333333333333333,10.0
1,9930,0,GOBEK_PHASE_0_GREEN,14,43.0,3.0714285714285716,20.0
1,9940,0,GOBEK_PHASE_0_GREEN,14,78.0,5.571428571428571,30.0
1,9950,2,GOBEK_PHASE_2_GREEN,13,23.0,1.7692307692307692,15.0
1,9960,2,GOBEK_PHASE_2_GREEN,14,59.0,4.214285714285714,13.0
1,9970,3,GOBEK_PHASE_2_YELLOW,18,155.0,8.61111111111111,23.0
1,9980,4,GOBEK_PHASE_4_GREEN,25,285.0,11.4,33.0
1,9990,5,GOBEK_PHASE_4_YELLOW,29,451.0,15.551724137931034,43.0
1,10000,0,GOBEK_PHASE_0_GREEN,23,0.0,0.0,0.0
1,10010,0,GOBEK_PHASE_0_GREEN,11,3.0,0.2727272727272727,3.0
1,10020,0,GOBEK_PHASE_0_GREEN,12,21.0,1.75,13.0
1,10030,0,GOBEK_PHASE_0_GREEN,13,42.0,3.230769230769231,23.0
1,10040,2,GOBEK_PHASE_2_GREEN,15,16.0,1.0666666666666667,5.0
1,10050,2,GOBEK_PHASE_2_GREEN,17,88.0,5.176470588235294,15.0
1,10060,3,GOBEK_PHASE_2_YELLOW,21,217.0,10.333333333333334,25.0
1,10070,4,GOBEK_PHASE_4_GREEN,28,387.0,13.821428571428571,35.0
1,10080,5,GOBEK_PHASE_4_YELLOW,34,594.0,17.470588235294116,45.0
1,10090,0,GOBEK_PHASE_0_GREEN,26,0.0,0.0,0.0
1,10100,0,GOBEK_PHASE_0_GREEN,14,0.0,0.0,0.0
1,10110,0,GOBEK_PHASE_0_GREEN,9,0.0,0.0,0.0
1,10120,0,GOBEK_PHASE_0_GREEN,8,0.0,0.0,0.0
1,10130,2,GOBEK_PHASE_2_GREEN,15,10.0,0.6666666666666666,4.0
1,10140,2,GOBEK_PHASE_2_GREEN,20,73.0,3.65,14.0
1,10150,3,GOBEK_PHASE_2_YELLOW,24,201.0,8.375,24.0
1,10160,4,GOBEK_PHASE_4_GREEN,29,385.0,13.275862068965518,34.0
1,10170,5,GOBEK_PHASE_4_YELLOW,34,610.0,17.941176470588236,44.0
1,10180,0,GOBEK_PHASE_0_GREEN,29,1.0,0.034482758620689655,1.0
1,10190,0,GOBEK_PHASE_0_GREEN,21,21.0,1.0,11.0
1,10200,0,GOBEK_PHASE_0_GREEN,12,61.0,5.083333333333333,21.0
1,10210,0,GOBEK_PHASE_0_GREEN,14,107.0,7.642857142857143,31.0
1,10220,2,GOBEK_PHASE_2_GREEN,17,13.0,0.7647058823529411,4.0
1,10230,2,GOBEK_PHASE_2_GREEN,19,66.0,3.473684210526316,14.0
1,10240,3,GOBEK_PHASE_2_YELLOW,24,187.0,7.791666666666667,24.0
1,10250,4,GOBEK_PHASE_4_GREEN,30,370.0,12.333333333333334,34.0
1,10260,5,GOBEK_PHASE_4_YELLOW,33,600.0,18.181818181818183,44.0
1,10270,0,GOBEK_PHASE_0_GREEN,26,0.0,0.0,0.0
1,10280,0,GOBEK_PHASE_0_GREEN,19,25.0,1.3157894736842106,10.0
1,10290,0,GOBEK_PHASE_0_GREEN,14,57.0,4.071428571428571,20.0
1,10300,0,GOBEK_PHASE_0_GREEN,13,97.0,7.461538461538462,30.0
1,10310,2,GOBEK_PHASE_2_GREEN,17,6.0,0.35294117647058826,3.0
1,10320,2,GOBEK_PHASE_2_GREEN,18,63.0,3.5,13.0
1,10330,3,GOBEK_PHASE_2_YELLOW,22,164.0,7.454545454545454,23.0
1,10340,4,GOBEK_PHASE_4_GREEN,27,328.0,12.148148148148149,33.0
1,10350,5,GOBEK_PHASE_4_YELLOW,32,539.0,16.84375,43.0
1,10360,0,GOBEK_PHASE_0_GREEN,21,1.0,0.047619047619047616,1.0
1,10370,0,GOBEK_PHASE_0_GREEN,11,27.0,2.4545454545454546,11.0
1,10380,0,GOBEK_PHASE_0_GREEN,14,67.0,4.785714285714286,21.0
1,10390,0,GOBEK_PHASE_0_GREEN,16,107.0,6.6875,31.0
1,10400,2,GOBEK_PHASE_2_GREEN,19,54.0,2.8421052631578947,38.0
1,10410,2,GOBEK_PHASE_2_GREEN,21,86.0,4.095238095238095,16.0
1,10420,3,GOBEK_PHASE_2_YELLOW,27,227.0,8.407407407407407,26.0
1,10430,4,GOBEK_PHASE_4_GREEN,36,429.0,11.916666666666666,36.0
1,10440,5,GOBEK_PHASE_4_YELLOW,39,704.0,18.05128205128205,46.0
1,10450,0,GOBEK_PHASE_0_GREEN,30,0.0,0.0,0.0
1,10460,0,GOBEK_PHASE_0_GREEN,13,0.0,0.0,0.0
1,10470,0,GOBEK_PHASE_0_GREEN,6,0.0,0.0,0.0
1,10480,0,GOBEK_PHASE_0_GREEN,9,0.0,0.0,0.0
1,10490,2,GOBEK_PHASE_2_GREEN,13,3.0,0.23076923076923078,2.0
1,10500,2,GOBEK_PHASE_2_GREEN,20,62.0,3.1,12.0
1,10510,3,GOBEK_PHASE_2_YELLOW,28,177.0,6.321428571428571,22.0
1,10520,4,GOBEK_PHASE_4_GREEN,34,353.0,10.382352941176471,32.0
1,10530,5,GOBEK_PHASE_4_YELLOW,40,617.0,15.425,42.0
1,10540,0,GOBEK_PHASE_0_GREEN,36,0.0,0.0,0.0
1,10550,0,GOBEK_PHASE_0_GREEN,19,17.0,0.8947368421052632,10.0
1,10560,0,GOBEK_PHASE_0_GREEN,10,56.0,5.6,20.0
1,10570,0,GOBEK_PHASE_0_GREEN,9,92.0,10.222222222222221,30.0
1,10580,2,GOBEK_PHASE_2_GREEN,12,38.0,3.1666666666666665,37.0
1,10590,2,GOBEK_PHASE_2_GREEN,15,25.0,1.6666666666666667,11.0
1,10600,3,GOBEK_PHASE_2_YELLOW,20,98.0,4.9,21.0
1,10610,4,GOBEK_PHASE_4_GREEN,26,241.0,9.26923076923077,31.0
1,10620,5,GOBEK_PHASE_4_YELLOW,34,424.0,12.470588235294118,41.0
1,10630,0,GOBEK_PHASE_0_GREEN,28,1.0,0.03571428571428571,1.0
1,10640,0,GOBEK_PHASE_0_GREEN,14,11.0,0.7857142857142857,11.0
1,10650,0,GOBEK_PHASE_0_GREEN,10,31.0,3.1,21.0
1,10660,0,GOBEK_PHASE_0_GREEN,9,51.0,5.666666666666667,31.0
1,10670,2,GOBEK_PHASE_2_GREEN,9,4.0,0.4444444444444444,3.0
1,10680,2,GOBEK_PHASE_2_GREEN,14,42.0,3.0,13.0
1,10690,3,GOBEK_PHASE_2_YELLOW,19,119.0,6.2631578947368425,23.0
1,10700,4,GOBEK_PHASE_4_GREEN,25,257.0,10.28,33.0
1,10710,5,GOBEK_PHASE_4_YELLOW,29,439.0,15.137931034482758,43.0
1,10720,0,GOBEK_PHASE_0_GREEN,22,1.0,0.045454545454545456,1.0
1,10730,0,GOBEK_PHASE_0_GREEN,12,11.0,0.9166666666666666,11.0
1,10740,0,GOBEK_PHASE_0_GREEN,13,35.0,2.6923076923076925,21.0
1,10750,0,GOBEK_PHASE_0_GREEN,11,69.0,6.2727272727272725,31.0
1,10760,2,GOBEK_PHASE_2_GREEN,13,24.0,1.8461538461538463,13.0
1,10770,2,GOBEK_PHASE_2_GREEN,16,61.0,3.8125,16.0
1,10780,3,GOBEK_PHASE_2_YELLOW,22,154.0,7.0,26.0
1,10790,4,GOBEK_PHASE_4_GREEN,29,301.0,10.379310344827585,36.0
1,10800,5,GOBEK_PHASE_4_YELLOW,34,504.0,14.823529411764707,46.0
1,10810,0,GOBEK_PHASE_0_GREEN,30,9.0,0.3,6.0
1,10820,0,GOBEK_PHASE_0_GREEN,17,13.0,0.7647058823529411,13.0
1,10830,0,GOBEK_PHASE_0_GREEN,9,23.0,2.5555555555555554,23.0
1,10840,0,GOBEK_PHASE_0_GREEN,9,33.0,3.6666666666666665,33.0
1,10850,2,GOBEK_PHASE_2_GREEN,7,0.0,0.0,0.0
1,10860,2,GOBEK_PHASE_2_GREEN,12,22.0,1.8333333333333333,8.0
1,10870,3,GOBEK_PHASE_2_YELLOW,16,80.0,5.0,18.0
1,10880,4,GOBEK_PHASE_4_GREEN,24,187.0,7.791666666666667,28.0
1,10890,5,GOBEK_PHASE_4_YELLOW,30,341.0,11.366666666666667,38.0
1,10900,0,GOBEK_PHASE_0_GREEN,23,0.0,0.0,0.0
1,10910,0,GOBEK_PHASE_0_GREEN,10,0.0,0.0,0.0
1,10920,0,GOBEK_PHASE_0_GREEN,11,13.0,1.1818181818181819,8.0
1,10930,0,GOBEK_PHASE_0_GREEN,13,33.0,2.5384615384615383,18.0
1,10940,2,GOBEK_PHASE_2_GREEN,13,4.0,0.3076923076923077,4.0
1,10950,2,GOBEK_PHASE_2_GREEN,16,64.0,4.0,14.0
1,10960,3,GOBEK_PHASE_2_YELLOW,21,188.0,8.952380952380953,24.0
1,10970,4,GOBEK_PHASE_4_GREEN,27,339.0,12.555555555555555,34.0
1,10980,5,GOBEK_PHASE_4_YELLOW,33,542.0,16.424242424242426,44.0
1,10990,0,GOBEK_PHASE_0_GREEN,30,1.0,0.03333333333333333,1.0
1,11000,0,GOBEK_PHASE_0_GREEN,16,26.0,1.625,11.0
1,11010,0,GOBEK_PHASE_0_GREEN,14,64.0,4.571428571428571,21.0
1,11020,0,GOBEK_PHASE_0_GREEN,17,105.0,6.176470588235294,31.0
1,11030,2,GOBEK_PHASE_2_GREEN,17,14.0,0.8235294117647058,11.0
1,11040,2,GOBEK_PHASE_2_GREEN,20,73.0,3.65,12.0
1,11050,3,GOBEK_PHASE_2_YELLOW,23,210.0,9.130434782608695,22.0
1,11060,4,GOBEK_PHASE_4_GREEN,26,406.0,15.615384615384615,32.0
1,11070,5,GOBEK_PHASE_4_YELLOW,29,639.0,22.03448275862069,42.0
1,11080,0,GOBEK_PHASE_0_GREEN,24,0.0,0.0,0.0
1,11090,0,GOBEK_PHASE_0_GREEN,15,22.0,1.4666666666666666,10.0
1,11100,0,GOBEK_PHASE_0_GREEN,13,52.0,4.0,20.0
1,11110,0,GOBEK_PHASE_0_GREEN,13,86.0,6.615384615384615,30.0
1,11120,2,GOBEK_PHASE_2_GREEN,17,16.0,0.9411764705882353,14.0
1,11130,2,GOBEK_PHASE_2_GREEN,21,55.0,2.619047619047619,12.0
1,11140,3,GOBEK_PHASE_2_YELLOW,26,189.0,7.269230769230769,22.0
1,11150,4,GOBEK_PHASE_4_GREEN,31,383.0,12.35483870967742,32.0
1,11160,5,GOBEK_PHASE_4_YELLOW,33,637.0,19.303030303030305,42.0
1,11170,0,GOBEK_PHASE_0_GREEN,25,0.0,0.0,0.0
1,11180,0,GOBEK_PHASE_0_GREEN,20,10.0,0.5,10.0
1,11190,0,GOBEK_PHASE_0_GREEN,11,29.0,2.6363636363636362,20.0
1,11200,0,GOBEK_PHASE_0_GREEN,12,49.0,4.083333333333333,30.0
1,11210,2,GOBEK_PHASE_2_GREEN,14,10.0,0.7142857142857143,4.0
1,11220,2,GOBEK_PHASE_2_GREEN,20,66.0,3.3,14.0
1,11230,3,GOBEK_PHASE_2_YELLOW,26,190.0,7.3076923076923075,24.0
1,11240,4,GOBEK_PHASE_4_GREEN,33,381.0,11.545454545454545,34.0
1,11250,5,GOBEK_PHASE_4_YELLOW,38,642.0,16.894736842105264,44.0
1,11260,0,GOBEK_PHASE_0_GREEN,28,0.0,0.0,0.0
1,11270,0,GOBEK_PHASE_0_GREEN,10,19.0,1.9,10.0
1,11280,0,GOBEK_PHASE_0_GREEN,11,39.0,3.5454545454545454,20.0
1,11290,0,GOBEK_PHASE_0_GREEN,13,60.0,4.615384615384615,30.0
1,11300,2,GOBEK_PHASE_2_GREEN,16,15.0,0.9375,6.0
1,11310,2,GOBEK_PHASE_2_GREEN,20,69.0,3.45,16.0
1,11320,3,GOBEK_PHASE_2_YELLOW,26,185.0,7.115384615384615,26.0
1,11330,4,GOBEK_PHASE_4_GREEN,33,372.0,11.272727272727273,36.0
1,11340,5,GOBEK_PHASE_4_YELLOW,37,617.0,16.675675675675677,46.0
1,11350,0,GOBEK_PHASE_0_GREEN,28,0.0,0.0,0.0
1,11360,0,GOBEK_PHASE_0_GREEN,14,10.0,0.7142857142857143,10.0
1,11370,0,GOBEK_PHASE_0_GREEN,9,20.0,2.2222222222222223,20.0
1,11380,0,GOBEK_PHASE_0_GREEN,10,30.0,3.0,30.0
1,11390,2,GOBEK_PHASE_2_GREEN,15,5.0,0.3333333333333333,3.0
1,11400,2,GOBEK_PHASE_2_GREEN,19,47.0,2.473684210526316,13.0
1,11410,3,GOBEK_PHASE_2_YELLOW,25,170.0,6.8,23.0
1,11420,4,GOBEK_PHASE_4_GREEN,32,352.0,11.0,33.0
1,11430,5,GOBEK_PHASE_4_YELLOW,38,579.0,15.236842105263158,43.0
1,11440,0,GOBEK_PHASE_0_GREEN,32,0.0,0.0,0.0
1,11450,0,GOBEK_PHASE_0_GREEN,21,27.0,1.2857142857142858,10.0
1,11460,0,GOBEK_PHASE_0_GREEN,15,70.0,4.666666666666667,20.0
1,11470,0,GOBEK_PHASE_0_GREEN,14,123.0,8.785714285714286,30.0
1,11480,2,GOBEK_PHASE_2_GREEN,15,38.0,2.533333333333333,38.0
1,11490,2,GOBEK_PHASE_2_GREEN,20,40.0,2.0,10.0
1,11500,3,GOBEK_PHASE_2_YELLOW,25,141.0,5.64,20.0
1,11510,4,GOBEK_PHASE_4_GREEN,31,317.0,10.225806451612904,30.0
1,11520,5,GOBEK_PHASE_4_YELLOW,34,558.0,16.41176470588235,40.0
1,11530,0,GOBEK_PHASE_0_GREEN,24,0.0,0.0,0.0
1,11540,0,GOBEK_PHASE_0_GREEN,12,8.0,0.6666666666666666,8.0
1,11550,0,GOBEK_PHASE_0_GREEN,8,18.0,2.25,18.0
1,11560,0,GOBEK_PHASE_0_GREEN,7,28.0,4.0,28.0
1,11570,2,GOBEK_PHASE_2_GREEN,12,6.0,0.5,3.0
1,11580,2,GOBEK_PHASE_2_GREEN,17,49.0,2.8823529411764706,13.0
1,11590,3,GOBEK_PHASE_2_YELLOW,25,139.0,5.56,23.0
1,11600,4,GOBEK_PHASE_4_GREEN,31,301.0,9.709677419354838,33.0
1,11610,5,GOBEK_PHASE_4_YELLOW,37,529.0,14.297297297297296,43.0
1,11620,0,GOBEK_PHASE_0_GREEN,33,0.0,0.0,0.0
1,11630,0,GOBEK_PHASE_0_GREEN,20,28.0,1.4,9.0
1,11640,0,GOBEK_PHASE_0_GREEN,12,69.0,5.75,19.0
1,11650,0,GOBEK_PHASE_0_GREEN,11,108.0,9.818181818181818,29.0
1,11660,2,GOBEK_PHASE_2_GREEN,13,50.0,3.8461538461538463,38.0
1,11670,2,GOBEK_PHASE_2_GREEN,13,56.0,4.3076923076923075,18.0
1,11680,3,GOBEK_PHASE_2_YELLOW,18,134.0,7.444444444444445,28.0
1,11690,4,GOBEK_PHASE_4_GREEN,25,242.0,9.68,38.0
1,11700,5,GOBEK_PHASE_4_YELLOW,31,411.0,13.258064516129032,48.0
1,11710,0,GOBEK_PHASE_0_GREEN,27,0.0,0.0,0.0
1,11720,0,GOBEK_PHASE_0_GREEN,16,19.0,1.1875,10.0
1,11730,0,GOBEK_PHASE_0_GREEN,12,39.0,3.25,20.0
1,11740,0,GOBEK_PHASE_0_GREEN,12,59.0,4.916666666666667,30.0
1,11750,2,GOBEK_PHASE_2_GREEN,12,6.0,0.5,5.0
1,11760,2,GOBEK_PHASE_2_GREEN,14,56.0,4.0,15.0
1,11770,3,GOBEK_PHASE_2_YELLOW,17,151.0,8.882352941176471,25.0
1,11780,4,GOBEK_PHASE_4_GREEN,25,273.0,10.92,35.0
1,11790,5,GOBEK_PHASE_4_YELLOW,32,433.0,13.53125,45.0
1,11800,0,GOBEK_PHASE_0_GREEN,25,1.0,0.04,1.0
1,11810,0,GOBEK_PHASE_0_GREEN,17,11.0,0.6470588235294118,11.0
1,11820,0,GOBEK_PHASE_0_GREEN,12,24.0,2.0,21.0
1,11830,0,GOBEK_PHASE_0_GREEN,12,44.0,3.6666666666666665,31.0
1,11840,2,GOBEK_PHASE_2_GREEN,15,8.0,0.5333333333333333,4.0
1,11850,2,GOBEK_PHASE_2_GREEN,17,66.0,3.8823529411764706,14.0
1,11860,3,GOBEK_PHASE_2_YELLOW,20,178.0,8.9,24.0
1,11870,4,GOBEK_PHASE_4_GREEN,25,337.0,13.48,34.0
1,11880,5,GOBEK_PHASE_4_YELLOW,28,529.0,18.892857142857142,44.0
1,11890,0,GOBEK_PHASE_0_GREEN,24,1.0,0.041666666666666664,1.0
1,11900,0,GOBEK_PHASE_0_GREEN,16,20.0,1.25,11.0
1,11910,0,GOBEK_PHASE_0_GREEN,11,40.0,3.6363636363636362,21.0
1,11920,0,GOBEK_PHASE_0_GREEN,13,72.0,5.538461538461538,31.0
1,11930,2,GOBEK_PHASE_2_GREEN,15,4.0,0.26666666666666666,3.0
1,11940,2,GOBEK_PHASE_2_GREEN,17,39.0,2.2941176470588234,11.0
1,11950,3,GOBEK_PHASE_2_YELLOW,21,140.0,6.666666666666667,21.0
1,11960,4,GOBEK_PHASE_4_GREEN,26,303.0,11.653846153846153,31.0
1,11970,5,GOBEK_PHASE_4_YELLOW,32,513.0,16.03125,41.0
1,11980,0,GOBEK_PHASE_0_GREEN,24,0.0,0.0,0.0
1,11990,0,GOBEK_PHASE_0_GREEN,14,0.0,0.0,0.0
1,12000,0,GOBEK_PHASE_0_GREEN,11,13.0,1.1818181818181819,9.0
